X,Y,Layer,Eff_ADC,E
-39.9609,-32.2048,1,160.55,1011.35
-39.2674,-35.0075,1,238.29,1011.35
-38.5739,-35.4079,1,204.49,1011.35
-38.5739,-30.6032,1,109.85,1011.35
-37.8803,-35.8083,1,87.88,1011.35
-37.1868,-36.2087,1,2966.69,1011.35
-36.4933,-36.6091,1,223.08,1011.35
-30.9453,-36.6091,1,113.23,1011.35
-50.4634,-35.8083,1,167.31,1011.35
-43.5284,-24.5973,1,211.25,1011.35
-38.6239,-37.8969,1,141.96,1011.35
-37.9303,-36.6957,1,111.54,1011.35
-37.2368,-37.0961,1,278.85,1011.35
-35.8498,-37.8969,1,169,1011.35
-41.3479,-30.6032,2,804.44,1011.35
-40.6544,-32.6051,2,89.57,1011.35
-37.8803,-35.8083,2,204.49,1011.35
-37.1868,-36.2087,2,997.1,1011.35
-36.4933,-36.6091,2,103.09,1011.35
-36.4933,-34.2067,2,121.68,1011.35
-34.4128,-33.0055,2,125.06,1011.35
-28.8648,-34.6071,2,219.7,1011.35
-48.3329,-37.8969,2,123.37,1011.35
-40.0109,-38.6977,2,236.6,1011.35
-38.6239,-37.0961,2,109.85,1011.35
-38.6239,-36.2953,2,540.8,1011.35
-37.9303,-36.6957,2,3688.33,1011.35
-37.2368,-37.0961,2,1905.44,1011.35
-41.3979,10.4969,3,86.19,1011.35
-43.4784,-17.3036,3,231.53,1011.35
-41.3479,-30.6032,3,121.68,1011.35
-40.6544,-32.6051,3,169,1011.35
-39.9609,-33.0055,3,116.61,1011.35
-39.9609,-32.2048,3,234.91,1011.35
-37.8803,-35.8083,3,730.08,1011.35
-37.1868,-36.2087,3,1183.8,1011.35
-37.1868,-35.4079,3,528.97,1011.35
-36.4933,-36.6091,3,179.14,1011.35
-36.4933,-35.8083,3,170.69,1011.35
-33.0258,-37.0095,3,141.96,1011.35
-33.0258,-33.8063,3,128.44,1011.35
-32.3323,-32.6051,3,101.4,1011.35
-42.1414,-31.0036,3,96.33,1011.35
-30.8953,-39.8988,3,158.86,1011.35
-30.2018,-40.2992,3,224.77,1011.35
-40.0109,-37.8969,3,899.08,1011.35
-38.6239,-37.8969,3,221.39,1011.35
-38.6239,-37.0961,3,718.25,1011.35
-38.6239,-36.2953,3,1183.8,1011.35
-37.9303,-37.4965,3,855.14,1011.35
-37.9303,-36.6957,3,17526.9,1011.35
-37.2368,-37.8969,3,496.86,1011.35
-37.2368,-37.0961,3,5174.07,1011.35
-36.5433,-37.4965,3,606.71,1011.35
-43.4784,-17.3036,4,348.14,1011.35
-41.3479,-30.6032,4,187.59,1011.35
-40.6544,-33.4059,4,660.79,1011.35
-40.6544,-32.6051,4,802.75,1011.35
-39.2674,-32.6051,4,111.54,1011.35
-38.5739,-28.2008,4,133.51,1011.35
-38.5739,-27.4,4,224.77,1011.35
-37.8803,-35.8083,4,510.38,1011.35
-37.8803,-35.0075,4,408.98,1011.35
-37.1868,-36.2087,4,801.06,1011.35
-37.1868,-35.4079,4,358.28,1011.35
-36.4933,-36.6091,4,518.83,1011.35
-36.4933,-35.8083,4,204.49,1011.35
-36.4933,-35.0075,4,111.54,1011.35
-36.4933,-34.2067,4,174.07,1011.35
-35.7998,-37.0095,4,116.61,1011.35
-35.1063,-36.6091,4,113.23,1011.35
-35.1063,-35.0075,4,101.4,1011.35
-33.7193,-29.402,4,113.23,1011.35
-46.9959,-29.8024,4,165.62,1011.35
-42.1414,-31.0036,4,334.62,1011.35
-46.2524,-47.9067,4,138.58,1011.35
-46.2524,-41.5004,4,180.83,1011.35
-40.7044,-36.6957,4,116.61,1011.35
-40.0109,-39.4985,4,238.29,1011.35
-40.0109,-37.8969,4,170.69,1011.35
-39.3174,-39.0981,4,185.9,1011.35
-39.3174,-38.2973,4,138.58,1011.35
-39.3174,-37.4965,4,170.69,1011.35
-39.3174,-35.8949,4,243.36,1011.35
-38.6239,-37.8969,4,163.93,1011.35
-38.6239,-37.0961,4,2414.84,1011.35
-38.6239,-36.2953,4,909.22,1011.35
-37.9303,-38.2973,4,686.14,1011.35
-37.9303,-37.4965,4,2075.24,1011.35
-37.9303,-36.6957,4,43676,1011.35
-37.2368,-39.4985,4,329.55,1011.35
-37.2368,-38.6977,4,150.41,1011.35
-37.2368,-37.8969,4,278.85,1011.35
-37.2368,-37.0961,4,4197.73,1011.35
-36.5433,-37.4965,4,380.25,1011.35
-35.8498,-37.8969,4,184.21,1011.35
-33.7693,-42.3012,4,177.45,1011.35
-41.3479,-32.2048,5,106.47,1011.35
-40.6544,-34.2067,5,224.77,1011.35
-40.6544,-32.6051,5,348.14,1011.35
-39.9609,-34.6071,5,184.21,1011.35
-39.9609,-32.2048,5,219.7,1011.35
-38.5739,-35.4079,5,547.56,1011.35
-37.8803,-35.8083,5,801.06,1011.35
-37.8803,-35.0075,5,182.52,1011.35
-37.1868,-36.2087,5,1693.2,1011.35
-37.1868,-35.4079,5,96.33,1011.35
-36.4933,-36.6091,5,635.44,1011.35
-36.4933,-35.8083,5,554.32,1011.35
-35.1063,-36.6091,5,194.35,1011.35
-33.7193,-36.6091,5,165.62,1011.35
-43.5284,-32.6051,5,177.45,1011.35
-42.8349,-31.404,5,270.4,1011.35
-42.1414,-31.0036,5,434.33,1011.35
-24.6538,-39.4985,5,197.73,1011.35
-42.0914,-40.6996,5,136.89,1011.35
-40.7044,-37.4965,5,163.93,1011.35
-40.0109,-40.2992,5,263.64,1011.35
-40.0109,-38.6977,5,133.51,1011.35
-40.0109,-37.0961,5,1014,1011.35
-40.0109,-35.4945,5,228.15,1011.35
-39.3174,-38.2973,5,927.81,1011.35
-39.3174,-37.4965,5,1014,1011.35
-39.3174,-36.6957,5,1005.55,1011.35
-39.3174,-35.8949,5,464.75,1011.35
-38.6239,-38.6977,5,444.47,1011.35
-38.6239,-37.8969,5,2032.79,1011.35
-38.6239,-37.0961,5,9885.99,1011.35
-38.6239,-36.2953,5,3178.94,1011.35
-37.9303,-42.3012,5,86.19,1011.35
-37.9303,-38.2973,5,2075.24,1011.35
-37.9303,-37.4965,5,22196.4,1011.35
-37.9303,-36.6957,5,41680.8,1011.35
-37.2368,-40.2992,5,135.2,1011.35
-37.2368,-39.4985,5,300.82,1011.35
-37.2368,-38.6977,5,785.85,1011.35
-37.2368,-37.8969,5,1990.34,1011.35
-37.2368,-37.0961,5,5471.22,1011.35
-36.5433,-40.6996,5,87.88,1011.35
-36.5433,-38.2973,5,1029.21,1011.35
-36.5433,-37.4965,5,2032.79,1011.35
-35.8498,-38.6977,5,283.92,1011.35
-35.8498,-37.8969,5,245.05,1011.35
-34.4628,-46.7056,5,302.51,1011.35
-53.2874,-38.2973,5,96.33,1011.35
44.403,7.6941,6,424.19,1011.35
-44.1719,-17.704,6,201.11,1011.35
-40.7044,-18.1043,6,152.1,1011.35
-41.3479,-33.8063,6,98.02,1011.35
-40.6544,-33.4059,6,179.14,1011.35
-40.6544,-32.6051,6,190.97,1011.35
-39.9609,-33.8063,6,368.42,1011.35
-38.5739,-35.4079,6,175.76,1011.35
-38.5739,-34.6071,6,130.13,1011.35
-37.8803,-35.8083,6,437.71,1011.35
-37.8803,-35.0075,6,94.64,1011.35
-37.8803,-32.6051,6,130.13,1011.35
-37.1868,-36.2087,6,356.59,1011.35
-37.1868,-35.4079,6,204.49,1011.35
-37.1868,-33.8063,6,294.06,1011.35
-36.4933,-36.6091,6,153.79,1011.35
-36.4933,-33.4059,6,106.47,1011.35
-36.4933,-31.0036,6,201.11,1011.35
-35.7998,-37.0095,6,143.65,1011.35
-35.7998,-36.2087,6,579.67,1011.35
-35.7998,-33.0055,6,87.88,1011.35
-35.7998,-31.404,6,125.06,1011.35
-35.7998,-28.2008,6,430.95,1011.35
-34.4128,-37.0095,6,218.01,1011.35
-45.6089,-35.4079,6,103.09,1011.35
-42.8349,-31.404,6,390.39,1011.35
-42.8349,-30.6032,6,138.58,1011.35
-42.1414,-31.0036,6,736.84,1011.35
-42.1414,-30.2028,6,125.06,1011.35
-32.2823,-46.3052,6,138.58,1011.35
-31.5888,-37.8969,6,189.28,1011.35
-46.9459,-37.0961,6,258.57,1011.35
-45.5589,-37.8969,6,152.1,1011.35
-44.1719,-37.0961,6,101.4,1011.35
-43.4784,-39.8988,6,101.4,1011.35
-41.3979,-45.9048,6,94.64,1011.35
-40.7044,-39.0981,6,126.75,1011.35
-40.7044,-38.2973,6,113.23,1011.35
-40.7044,-36.6957,6,201.11,1011.35
-40.7044,-35.8949,6,109.85,1011.35
-40.0109,-41.9008,6,118.3,1011.35
-40.0109,-39.4985,6,412.36,1011.35
-40.0109,-38.6977,6,412.36,1011.35
-40.0109,-37.8969,6,233.22,1011.35
-40.0109,-37.0961,6,277.16,1011.35
-40.0109,-36.2953,6,288.99,1011.35
-39.3174,-41.5004,6,114.92,1011.35
-39.3174,-38.2973,6,572.91,1011.35
-39.3174,-37.4965,6,1438.5,1011.35
-39.3174,-36.6957,6,1565.85,1011.35
-39.3174,-35.8949,6,750.36,1011.35
-38.6239,-39.4985,6,114.92,1011.35
-38.6239,-38.6977,6,638.82,1011.35
-38.6239,-37.8969,6,5895.72,1011.35
-38.6239,-37.0961,6,37266.1,1011.35
-38.6239,-36.2953,6,2287.49,1011.35
-37.9303,-40.6996,6,104.78,1011.35
-37.9303,-39.8988,6,123.37,1011.35
-37.9303,-39.0981,6,312.65,1011.35
-37.9303,-38.2973,6,1523.4,1011.35
-37.9303,-37.4965,6,48387.9,1011.35
-37.9303,-36.6957,6,20922.9,1011.35
-37.2368,-41.1,6,89.57,1011.35
-37.2368,-38.6977,6,361.66,1011.35
-37.2368,-37.8969,6,959.92,1011.35
-37.2368,-37.0961,6,3433.63,1011.35
-36.5433,-39.0981,6,218.01,1011.35
-36.5433,-38.2973,6,167.31,1011.35
-36.5433,-37.4965,6,1098.9,1011.35
-35.8498,-37.8969,6,292.37,1011.35
-35.1563,-44.7036,6,118.3,1011.35
-51.9004,-43.102,6,312.65,1011.35
-39.2674,-52.7981,6,94.64,1011.35
-46.3024,2.80276,7,148.72,1011.35
-47.6394,-14.1004,7,182.52,1011.35
-43.4784,-15.702,7,197.73,1011.35
-41.3979,-17.704,7,91.26,1011.35
-41.3479,-33.8063,7,116.61,1011.35
-41.3479,-32.2048,7,439.4,1011.35
-39.2674,-34.2067,7,111.54,1011.35
-38.5739,-35.4079,7,141.96,1011.35
-37.8803,-35.8083,7,745.29,1011.35
-37.1868,-36.2087,7,1014,1011.35
-37.1868,-35.4079,7,118.3,1011.35
-37.1868,-34.6071,7,119.99,1011.35
-37.1868,-33.8063,7,238.29,1011.35
-36.4933,-36.6091,7,248.43,1011.35
-36.4933,-35.8083,7,206.18,1011.35
-36.4933,-35.0075,7,98.02,1011.35
-36.4933,-34.2067,7,118.3,1011.35
-36.4933,-33.4059,7,128.44,1011.35
-35.7998,-37.0095,7,283.92,1011.35
-35.7998,-35.4079,7,172.38,1011.35
-35.7998,-34.6071,7,500.24,1011.35
-35.7998,-33.0055,7,89.57,1011.35
-29.5583,-30.2028,7,104.78,1011.35
-28.8648,-29.8024,7,121.68,1011.35
-53.2374,-29.402,7,94.64,1011.35
-49.0764,-35.0075,7,98.02,1011.35
-46.9959,-36.2087,7,228.15,1011.35
-43.5284,-31.0036,7,153.79,1011.35
-42.8349,-32.2048,7,177.45,1011.35
-42.8349,-31.404,7,358.28,1011.35
-42.1414,-33.4059,7,202.8,1011.35
-42.1414,-31.0036,7,152.1,1011.35
-30.8953,-39.8988,7,155.48,1011.35
-26.7343,-36.6957,7,175.76,1011.35
-49.7199,-38.6977,7,162.24,1011.35
-44.1719,-44.3032,7,150.41,1011.35
-42.7849,-37.0961,7,160.55,1011.35
-42.7849,-34.6937,7,201.11,1011.35
-42.0914,-45.5044,7,89.57,1011.35
-42.0914,-44.7036,7,126.75,1011.35
-42.0914,-38.2973,7,204.49,1011.35
-42.0914,-36.6957,7,119.99,1011.35
-41.3979,-37.8969,7,650.65,1011.35
-40.7044,-39.8988,7,104.78,1011.35
-40.7044,-38.2973,7,599.95,1011.35
-40.7044,-37.4965,7,221.39,1011.35
-40.7044,-36.6957,7,167.31,1011.35
-40.7044,-35.8949,7,128.44,1011.35
-40.7044,-35.0941,7,376.87,1011.35
-40.0109,-40.2992,7,175.76,1011.35
-40.0109,-38.6977,7,329.55,1011.35
-40.0109,-37.8969,7,1353.6,1011.35
-40.0109,-37.0961,7,314.34,1011.35
-40.0109,-36.2953,7,91.26,1011.35
-40.0109,-35.4945,7,157.17,1011.35
-39.3174,-39.8988,7,392.08,1011.35
-39.3174,-39.0981,7,255.19,1011.35
-39.3174,-38.2973,7,1990.34,1011.35
-39.3174,-37.4965,7,8060.65,1011.35
-39.3174,-36.6957,7,4919.38,1011.35
-39.3174,-35.8949,7,1183.8,1011.35
-38.6239,-40.2992,7,91.26,1011.35
-38.6239,-39.4985,7,549.25,1011.35
-38.6239,-38.6977,7,2924.24,1011.35
-38.6239,-37.8969,7,21856.8,1011.35
-38.6239,-37.0961,7,61717.1,1011.35
-38.6239,-36.2953,7,4494.88,1011.35
-37.9303,-42.3012,7,140.27,1011.35
-37.9303,-39.8988,7,414.05,1011.35
-37.9303,-39.0981,7,223.08,1011.35
-37.9303,-38.2973,7,6065.52,1011.35
-37.9303,-37.4965,7,39685.7,1011.35
-37.9303,-36.6957,7,14385.7,1011.35
-37.2368,-39.4985,7,125.06,1011.35
-37.2368,-38.6977,7,1735.65,1011.35
-37.2368,-37.8969,7,4155.28,1011.35
-37.2368,-37.0961,7,4707.13,1011.35
-36.5433,-39.8988,7,302.51,1011.35
-36.5433,-38.2973,7,1014,1011.35
-36.5433,-37.4965,7,2160.14,1011.35
-35.8498,-44.3032,7,106.47,1011.35
-35.8498,-37.8969,7,184.21,1011.35
-34.4628,-38.6977,7,91.26,1011.35
-45.5589,-16.9032,8,86.19,1011.35
-41.3479,-33.0055,8,143.65,1011.35
-41.3479,-32.2048,8,368.42,1011.35
-40.6544,-32.6051,8,114.92,1011.35
-39.9609,-33.8063,8,190.97,1011.35
-39.9609,-29.0016,8,153.79,1011.35
-39.9609,-28.2008,8,177.45,1011.35
-39.2674,-35.0075,8,177.45,1011.35
-38.5739,-35.4079,8,709.8,1011.35
-38.5739,-33.8063,8,141.96,1011.35
-37.8803,-35.8083,8,397.15,1011.35
-37.8803,-35.0075,8,620.23,1011.35
-37.8803,-34.2067,8,218.01,1011.35
-37.8803,-32.6051,8,126.75,1011.35
-37.8803,-27.8004,8,180.83,1011.35
-37.1868,-36.2087,8,190.97,1011.35
-37.1868,-35.4079,8,970.06,1011.35
-36.4933,-34.2067,8,104.78,1011.35
-35.7998,-35.4079,8,343.07,1011.35
-35.1063,-37.4099,8,87.88,1011.35
-34.4128,-37.8103,8,285.61,1011.35
-34.4128,-33.8063,8,150.41,1011.35
-34.4128,-33.0055,8,86.19,1011.35
-34.4128,-31.404,8,444.47,1011.35
-33.7193,-31.0036,8,91.26,1011.35
-32.3323,-33.4059,8,147.03,1011.35
-32.3323,-29.402,8,116.61,1011.35
-44.2219,-28.2008,8,119.99,1011.35
-42.8349,-32.2048,8,250.12,1011.35
-42.8349,-31.404,8,498.55,1011.35
-42.1414,-31.8044,8,206.18,1011.35
-32.2823,-38.2973,8,99.71,1011.35
-31.5888,-44.3032,8,270.4,1011.35
-31.5888,-41.1,8,310.96,1011.35
-23.2668,-49.9087,8,251.81,1011.35
-44.1719,-48.3071,8,96.33,1011.35
-44.1719,-40.2992,8,204.49,1011.35
-43.4784,-40.6996,8,138.58,1011.35
-42.7849,-38.6977,8,263.64,1011.35
-42.0914,-43.9028,8,131.82,1011.35
-42.0914,-34.2933,8,87.88,1011.35
-41.3979,-41.1,8,96.33,1011.35
-41.3979,-39.4985,8,689.52,1011.35
-41.3979,-38.6977,8,185.9,1011.35
-41.3979,-37.8969,8,101.4,1011.35
-41.3979,-36.2953,8,268.71,1011.35
-40.7044,-42.3012,8,152.1,1011.35
-40.7044,-40.6996,8,155.48,1011.35
-40.7044,-39.0981,8,444.47,1011.35
-40.7044,-38.2973,8,346.45,1011.35
-40.7044,-37.4965,8,163.93,1011.35
-40.7044,-36.6957,8,89.57,1011.35
-40.7044,-35.8949,8,94.64,1011.35
-40.7044,-35.0941,8,106.47,1011.35
-40.0109,-40.2992,8,197.73,1011.35
-40.0109,-39.4985,8,368.42,1011.35
-40.0109,-38.6977,8,735.15,1011.35
-40.0109,-37.8969,8,1480.95,1011.35
-40.0109,-37.0961,8,1014,1011.35
-40.0109,-36.2953,8,1098.9,1011.35
-40.0109,-35.4945,8,233.22,1011.35
-39.3174,-39.8988,8,140.27,1011.35
-39.3174,-39.0981,8,605.02,1011.35
-39.3174,-38.2973,8,3009.14,1011.35
-39.3174,-37.4965,8,6872.06,1011.35
-39.3174,-36.6957,8,3603.43,1011.35
-39.3174,-35.8949,8,768.95,1011.35
-38.6239,-39.4985,8,637.13,1011.35
-38.6239,-38.6977,8,3136.49,1011.35
-38.6239,-37.8969,8,54161.1,1011.35
-38.6239,-37.0961,8,73730.4,1011.35
-38.6239,-36.2953,8,1990.34,1011.35
-37.9303,-41.5004,8,103.09,1011.35
-37.9303,-39.0981,8,970.06,1011.35
-37.9303,-38.2973,8,4961.82,1011.35
-37.9303,-37.4965,8,21602.1,1011.35
-37.9303,-36.6957,8,4367.53,1011.35
-37.2368,-41.1,8,103.09,1011.35
-37.2368,-40.2992,8,559.39,1011.35
-37.2368,-39.4985,8,780.78,1011.35
-37.2368,-38.6977,8,255.19,1011.35
-37.2368,-37.8969,8,900.77,1011.35
-37.2368,-37.0961,8,2754.44,1011.35
-36.5433,-41.5004,8,92.95,1011.35
-36.5433,-40.6996,8,172.38,1011.35
-36.5433,-39.0981,8,442.78,1011.35
-36.5433,-38.2973,8,277.16,1011.35
-36.5433,-37.4965,8,140.27,1011.35
-35.1563,-48.7075,8,216.32,1011.35
-35.1563,-42.3012,8,258.57,1011.35
-35.1563,-41.5004,8,108.16,1011.35
-35.1563,-39.8988,8,248.43,1011.35
-35.1563,-38.2973,8,518.83,1011.35
-33.7693,-47.1059,8,131.82,1011.35
-55.3179,-51.5969,8,91.26,1011.35
-67.901,-5.60552,9,158.86,1011.35
-40.6544,-30.2028,9,89.57,1011.35
-39.9609,-34.6071,9,111.54,1011.35
-39.9609,-33.8063,9,147.03,1011.35
-39.9609,-33.0055,9,106.47,1011.35
-39.2674,-35.0075,9,324.48,1011.35
-38.5739,-35.4079,9,353.21,1011.35
-38.5739,-34.6071,9,226.46,1011.35
-37.8803,-35.8083,9,268.71,1011.35
-37.8803,-35.0075,9,147.03,1011.35
-37.8803,-34.2067,9,199.42,1011.35
-37.8803,-31.8044,9,263.64,1011.35
-37.1868,-36.2087,9,412.36,1011.35
-37.1868,-35.4079,9,192.66,1011.35
-37.1868,-34.6071,9,121.68,1011.35
-37.1868,-32.2048,9,241.67,1011.35
-36.4933,-35.8083,9,1007.24,1011.35
-36.4933,-34.2067,9,103.09,1011.35
-35.7998,-36.2087,9,287.3,1011.35
-35.7998,-35.4079,9,162.24,1011.35
-35.7998,-34.6071,9,307.58,1011.35
-35.7998,-33.0055,9,285.61,1011.35
-35.1063,-36.6091,9,123.37,1011.35
-35.1063,-33.4059,9,148.72,1011.35
-34.4128,-35.4079,9,189.28,1011.35
-33.7193,-35.0075,9,153.79,1011.35
-33.7193,-34.2067,9,87.88,1011.35
-31.6388,-21.7945,9,94.64,1011.35
-48.3829,-36.2087,9,119.99,1011.35
-47.6894,-35.0075,9,121.68,1011.35
-45.6089,-33.0055,9,91.26,1011.35
-44.9154,-34.2067,9,94.64,1011.35
-44.9154,-28.6012,9,214.63,1011.35
-43.5284,-34.2067,9,491.79,1011.35
-43.5284,-33.4059,9,283.92,1011.35
-43.5284,-31.8044,9,177.45,1011.35
-42.8349,-33.8063,9,170.69,1011.35
-42.8349,-33.0055,9,371.8,1011.35
-42.8349,-31.404,9,483.34,1011.35
-31.5888,-44.3032,9,136.89,1011.35
-26.7343,-39.0981,9,212.94,1011.35
-47.6394,-41.5004,9,182.52,1011.35
-46.9459,-42.7016,9,169,1011.35
-46.9459,-37.8969,9,258.57,1011.35
-44.1719,-35.4945,9,96.33,1011.35
-43.4784,-42.3012,9,196.04,1011.35
-43.4784,-38.2973,9,260.26,1011.35
-43.4784,-37.4965,9,118.3,1011.35
-42.7849,-39.4985,9,135.2,1011.35
-42.7849,-37.8969,9,248.43,1011.35
-42.0914,-43.102,9,103.09,1011.35
-42.0914,-39.0981,9,211.25,1011.35
-42.0914,-38.2973,9,96.33,1011.35
-41.3979,-41.1,9,140.27,1011.35
-41.3979,-40.2992,9,153.79,1011.35
-41.3979,-39.4985,9,111.54,1011.35
-41.3979,-38.6977,9,243.36,1011.35
-41.3979,-37.8969,9,459.68,1011.35
-41.3979,-37.0961,9,212.94,1011.35
-41.3979,-36.2953,9,1014,1011.35
-40.7044,-39.8988,9,434.33,1011.35
-40.7044,-39.0981,9,642.2,1011.35
-40.7044,-38.2973,9,1735.65,1011.35
-40.7044,-37.4965,9,878.8,1011.35
-40.7044,-36.6957,9,714.87,1011.35
-40.7044,-35.8949,9,593.19,1011.35
-40.7044,-35.0941,9,123.37,1011.35
-40.0109,-41.1,9,469.82,1011.35
-40.0109,-40.2992,9,429.26,1011.35
-40.0109,-39.4985,9,1735.65,1011.35
-40.0109,-38.6977,9,1862.99,1011.35
-40.0109,-37.8969,9,2711.99,1011.35
-40.0109,-37.0961,9,3051.59,1011.35
-40.0109,-36.2953,9,621.92,1011.35
-39.3174,-48.7075,9,174.07,1011.35
-39.3174,-43.9028,9,136.89,1011.35
-39.3174,-42.3012,9,162.24,1011.35
-39.3174,-40.6996,9,461.37,1011.35
-39.3174,-39.8988,9,714.87,1011.35
-39.3174,-39.0981,9,2457.29,1011.35
-39.3174,-38.2973,9,13112.2,1011.35
-39.3174,-37.4965,9,23512.4,1011.35
-39.3174,-36.6957,9,5768.37,1011.35
-39.3174,-35.8949,9,1030.9,1011.35
-38.6239,-43.5024,9,277.16,1011.35
-38.6239,-41.1,9,239.98,1011.35
-38.6239,-40.2992,9,190.97,1011.35
-38.6239,-39.4985,9,1183.8,1011.35
-38.6239,-38.6977,9,9079.45,1011.35
-38.6239,-37.8969,9,80819.5,1011.35
-38.6239,-37.0961,9,28054.5,1011.35
-38.6239,-36.2953,9,3221.39,1011.35
-37.9303,-42.3012,9,96.33,1011.35
-37.9303,-40.6996,9,449.54,1011.35
-37.9303,-39.8988,9,317.72,1011.35
-37.9303,-39.0981,9,1523.4,1011.35
-37.9303,-38.2973,9,10395.4,1011.35
-37.9303,-37.4965,9,15192.2,1011.35
-37.9303,-36.6957,9,5641.02,1011.35
-37.2368,-44.3032,9,123.37,1011.35
-37.2368,-41.9008,9,229.84,1011.35
-37.2368,-40.2992,9,163.93,1011.35
-37.2368,-39.4985,9,664.17,1011.35
-37.2368,-38.6977,9,728.39,1011.35
-37.2368,-37.8969,9,2881.79,1011.35
-37.2368,-37.0961,9,1311.15,1011.35
-36.5433,-39.8988,9,1141.35,1011.35
-36.5433,-39.0981,9,119.99,1011.35
-36.5433,-38.2973,9,510.38,1011.35
-36.5433,-37.4965,9,865.28,1011.35
-35.8498,-44.3032,9,128.44,1011.35
-35.8498,-40.2992,9,231.53,1011.35
-35.8498,-38.6977,9,174.07,1011.35
-35.1563,-40.6996,9,103.09,1011.35
-35.1563,-39.0981,9,153.79,1011.35
-35.1563,-38.2973,9,94.64,1011.35
-34.4628,-42.7016,9,108.16,1011.35
-34.4628,-38.6977,9,160.55,1011.35
-31.6388,-49.9953,9,140.27,1011.35
-51.8504,-52.7981,9,104.78,1011.35
-41.3479,-32.2048,10,91.26,1011.35
-41.3479,-31.404,10,180.83,1011.35
-41.3479,-26.5992,10,199.42,1011.35
-39.9609,-34.6071,10,92.95,1011.35
-39.2674,-35.0075,10,128.44,1011.35
-39.2674,-34.2067,10,234.91,1011.35
-39.2674,-33.4059,10,158.86,1011.35
-38.5739,-35.4079,10,283.92,1011.35
-38.5739,-34.6071,10,223.08,1011.35
-38.5739,-33.8063,10,99.71,1011.35
-37.8803,-35.0075,10,211.25,1011.35
-37.8803,-34.2067,10,94.64,1011.35
-37.1868,-36.2087,10,466.44,1011.35
-36.4933,-36.6091,10,189.28,1011.35
-36.4933,-34.2067,10,108.16,1011.35
-35.7998,-37.0095,10,121.68,1011.35
-35.7998,-34.6071,10,106.47,1011.35
-35.1063,-35.0075,10,108.16,1011.35
-33.7193,-37.4099,10,141.96,1011.35
-33.7193,-36.6091,10,106.47,1011.35
-32.3323,-34.2067,10,89.57,1011.35
-32.3323,-32.6051,10,187.59,1011.35
-58.0919,-29.0016,10,123.37,1011.35
-49.0764,-31.0036,10,99.71,1011.35
-44.9154,-31.0036,10,94.64,1011.35
-43.5284,-31.0036,10,89.57,1011.35
-42.8349,-33.8063,10,118.3,1011.35
-42.8349,-33.0055,10,153.79,1011.35
-42.8349,-32.2048,10,87.88,1011.35
-42.1414,-33.4059,10,358.28,1011.35
-30.8953,-40.6996,10,265.33,1011.35
-30.2018,-37.8969,10,118.3,1011.35
-29.5083,-37.4965,10,89.57,1011.35
-46.9459,-39.4985,10,138.58,1011.35
-46.9459,-38.6977,10,221.39,1011.35
-44.8654,-39.0981,10,98.02,1011.35
-44.8654,-38.2973,10,219.7,1011.35
-43.4784,-39.0981,10,299.13,1011.35
-43.4784,-38.2973,10,196.04,1011.35
-43.4784,-35.8949,10,245.05,1011.35
-42.7849,-39.4985,10,106.47,1011.35
-42.7849,-38.6977,10,236.6,1011.35
-42.7849,-37.0961,10,108.16,1011.35
-42.7849,-34.6937,10,121.68,1011.35
-42.0914,-39.8988,10,190.97,1011.35
-42.0914,-39.0981,10,184.21,1011.35
-42.0914,-38.2973,10,109.85,1011.35
-42.0914,-37.4965,10,334.62,1011.35
-42.0914,-36.6957,10,170.69,1011.35
-42.0914,-35.0941,10,177.45,1011.35
-42.0914,-34.2933,10,143.65,1011.35
-41.3979,-39.4985,10,353.21,1011.35
-41.3979,-38.6977,10,212.94,1011.35
-41.3979,-37.8969,10,400.53,1011.35
-41.3979,-37.0961,10,586.43,1011.35
-41.3979,-36.2953,10,174.07,1011.35
-41.3979,-35.4945,10,182.52,1011.35
-41.3979,-34.6937,10,623.61,1011.35
-40.7044,-43.102,10,147.03,1011.35
-40.7044,-41.5004,10,209.56,1011.35
-40.7044,-40.6996,10,192.66,1011.35
-40.7044,-39.8988,10,140.27,1011.35
-40.7044,-39.0981,10,457.99,1011.35
-40.7044,-38.2973,10,1311.15,1011.35
-40.7044,-37.4965,10,1141.35,1011.35
-40.7044,-36.6957,10,272.09,1011.35
-40.7044,-35.8949,10,199.42,1011.35
-40.0109,-44.3032,10,121.68,1011.35
-40.0109,-43.5024,10,361.66,1011.35
-40.0109,-41.9008,10,214.63,1011.35
-40.0109,-40.2992,10,126.75,1011.35
-40.0109,-39.4985,10,233.22,1011.35
-40.0109,-38.6977,10,1268.7,1011.35
-40.0109,-37.8969,10,5046.72,1011.35
-40.0109,-37.0961,10,2754.44,1011.35
-40.0109,-36.2953,10,496.86,1011.35
-40.0109,-35.4945,10,111.54,1011.35
-39.3174,-45.5044,10,172.38,1011.35
-39.3174,-40.6996,10,136.89,1011.35
-39.3174,-39.8988,10,746.98,1011.35
-39.3174,-39.0981,10,943.02,1011.35
-39.3174,-38.2973,10,14215.9,1011.35
-39.3174,-37.4965,10,29582.7,1011.35
-39.3174,-36.6957,10,2542.19,1011.35
-39.3174,-35.8949,10,387.01,1011.35
-38.6239,-41.1,10,292.37,1011.35
-38.6239,-40.2992,10,652.34,1011.35
-38.6239,-39.4985,10,1056.45,1011.35
-38.6239,-38.6977,10,6447.57,1011.35
-38.6239,-37.8969,10,86083.3,1011.35
-38.6239,-37.0961,10,11159.5,1011.35
-38.6239,-36.2953,10,1990.34,1011.35
-37.9303,-42.3012,10,145.34,1011.35
-37.9303,-40.6996,10,109.85,1011.35
-37.9303,-39.8988,10,603.33,1011.35
-37.9303,-39.0981,10,1693.2,1011.35
-37.9303,-38.2973,10,4112.83,1011.35
-37.9303,-37.4965,10,4579.78,1011.35
-37.9303,-36.6957,10,1693.2,1011.35
-37.2368,-42.7016,10,89.57,1011.35
-37.2368,-40.2992,10,177.45,1011.35
-37.2368,-39.4985,10,457.99,1011.35
-37.2368,-38.6977,10,748.67,1011.35
-37.2368,-37.8969,10,1268.7,1011.35
-37.2368,-37.0961,10,858.52,1011.35
-36.5433,-41.5004,10,126.75,1011.35
-36.5433,-39.8988,10,206.18,1011.35
-36.5433,-39.0981,10,140.27,1011.35
-36.5433,-38.2973,10,211.25,1011.35
-36.5433,-37.4965,10,290.68,1011.35
-35.8498,-40.2992,10,96.33,1011.35
-35.8498,-38.6977,10,143.65,1011.35
-35.8498,-37.8969,10,419.12,1011.35
-35.1563,-39.8988,10,295.75,1011.35
-35.1563,-39.0981,10,125.06,1011.35
-34.4628,-41.9008,10,162.24,1011.35
-34.4628,-41.1,10,321.1,1011.35
-34.4628,-39.4985,10,434.33,1011.35
-34.4628,-38.6977,10,150.41,1011.35
-33.7693,-46.3052,10,111.54,1011.35
-33.7693,-45.5044,10,179.14,1011.35
-33.7693,-40.6996,10,136.89,1011.35
-23.9603,-22.9091,11,111.54,1011.35
-40.6544,-31.0036,11,160.55,1011.35
-39.9609,-33.8063,11,150.41,1011.35
-39.9609,-31.404,11,118.3,1011.35
-39.9609,-29.8024,11,214.63,1011.35
-39.2674,-35.0075,11,167.31,1011.35
-39.2674,-34.2067,11,135.2,1011.35
-38.5739,-34.6071,11,816.27,1011.35
-38.5739,-33.8063,11,86.19,1011.35
-38.5739,-29.8024,11,346.45,1011.35
-37.8803,-35.8083,11,393.77,1011.35
-37.8803,-35.0075,11,295.75,1011.35
-37.8803,-32.6051,11,116.61,1011.35
-37.1868,-36.2087,11,278.85,1011.35
-37.1868,-35.4079,11,645.58,1011.35
-37.1868,-34.6071,11,833.17,1011.35
-37.1868,-33.8063,11,216.32,1011.35
-37.1868,-33.0055,11,98.02,1011.35
-36.4933,-36.6091,11,344.76,1011.35
-36.4933,-35.8083,11,138.58,1011.35
-36.4933,-34.2067,11,1565.85,1011.35
-35.7998,-35.4079,11,147.03,1011.35
-35.1063,-36.6091,11,150.41,1011.35
-35.1063,-35.0075,11,160.55,1011.35
-34.4128,-37.8103,11,197.73,1011.35
-34.4128,-37.0095,11,92.95,1011.35
-34.4128,-32.2048,11,145.34,1011.35
-34.4128,-30.6032,11,108.16,1011.35
-33.7193,-36.6091,11,130.13,1011.35
-31.6388,-33.8063,11,288.99,1011.35
-48.3829,-36.2087,11,86.19,1011.35
-47.6894,-35.8083,11,140.27,1011.35
-44.2219,-34.6071,11,116.61,1011.35
-44.2219,-31.404,11,185.9,1011.35
-43.5284,-31.8044,11,209.56,1011.35
-43.5284,-31.0036,11,321.1,1011.35
-42.8349,-33.8063,11,96.33,1011.35
-42.1414,-31.8044,11,92.95,1011.35
-32.9758,-46.7056,11,250.12,1011.35
-32.9758,-41.1,11,184.21,1011.35
-32.2823,-46.3052,11,162.24,1011.35
-30.2018,-39.4985,11,141.96,1011.35
-49.7199,-45.9048,11,116.61,1011.35
-48.3329,-46.7056,11,175.76,1011.35
-45.5589,-49.1079,11,148.72,1011.35
-45.5589,-48.3071,11,196.04,1011.35
-45.5589,-41.1,11,86.19,1011.35
-45.5589,-37.8969,11,89.57,1011.35
-44.8654,-43.102,11,155.48,1011.35
-44.8654,-39.8988,11,207.87,1011.35
-44.1719,-39.4985,11,104.78,1011.35
-43.4784,-45.5044,11,91.26,1011.35
-43.4784,-39.0981,11,141.96,1011.35
-43.4784,-38.2973,11,248.43,1011.35
-42.7849,-52.3111,11,152.1,1011.35
-42.7849,-43.5024,11,209.56,1011.35
-42.7849,-42.7016,11,118.3,1011.35
-42.7849,-41.9008,11,108.16,1011.35
-42.7849,-38.6977,11,481.65,1011.35
-42.7849,-36.2953,11,123.37,1011.35
-42.0914,-43.9028,11,268.71,1011.35
-42.0914,-39.0981,11,479.96,1011.35
-42.0914,-38.2973,11,316.03,1011.35
-42.0914,-36.6957,11,236.6,1011.35
-42.0914,-35.0941,11,141.96,1011.35
-41.3979,-42.7016,11,106.47,1011.35
-41.3979,-40.2992,11,162.24,1011.35
-41.3979,-39.4985,11,106.47,1011.35
-41.3979,-38.6977,11,290.68,1011.35
-41.3979,-37.8969,11,714.87,1011.35
-41.3979,-37.0961,11,478.27,1011.35
-41.3979,-34.6937,11,393.77,1011.35
-40.7044,-44.7036,11,145.34,1011.35
-40.7044,-42.3012,11,245.05,1011.35
-40.7044,-41.5004,11,366.73,1011.35
-40.7044,-40.6996,11,610.09,1011.35
-40.7044,-39.8988,11,275.47,1011.35
-40.7044,-39.0981,11,1226.25,1011.35
-40.7044,-38.2973,11,664.17,1011.35
-40.7044,-37.4965,11,1693.2,1011.35
-40.7044,-36.6957,11,1014,1011.35
-40.7044,-35.8949,11,204.49,1011.35
-40.7044,-35.0941,11,196.04,1011.35
-40.0109,-41.1,11,145.34,1011.35
-40.0109,-40.2992,11,826.41,1011.35
-40.0109,-39.4985,11,1480.95,1011.35
-40.0109,-38.6977,11,5386.32,1011.35
-40.0109,-37.8969,11,8612.5,1011.35
-40.0109,-37.0961,11,4494.88,1011.35
-40.0109,-36.2953,11,1438.5,1011.35
-40.0109,-35.4945,11,520.52,1011.35
-39.3174,-43.102,11,169,1011.35
-39.3174,-41.5004,11,113.23,1011.35
-39.3174,-40.6996,11,113.23,1011.35
-39.3174,-39.8988,11,878.8,1011.35
-39.3174,-39.0981,11,6914.51,1011.35
-39.3174,-38.2973,11,53439.4,1011.35
-39.3174,-37.4965,11,25507.5,1011.35
-39.3174,-36.6957,11,3476.08,1011.35
-39.3174,-35.8949,11,779.09,1011.35
-38.6239,-44.3032,11,133.51,1011.35
-38.6239,-41.9008,11,496.86,1011.35
-38.6239,-40.2992,11,201.11,1011.35
-38.6239,-39.4985,11,1565.85,1011.35
-38.6239,-38.6977,11,12772.6,1011.35
-38.6239,-37.8969,11,33403.1,1011.35
-38.6239,-37.0961,11,11032.1,1011.35
-38.6239,-36.2953,11,1905.44,1011.35
-37.9303,-42.3012,11,104.78,1011.35
-37.9303,-41.5004,11,437.71,1011.35
-37.9303,-40.6996,11,451.23,1011.35
-37.9303,-39.8988,11,395.46,1011.35
-37.9303,-39.0981,11,1565.85,1011.35
-37.9303,-38.2973,11,4919.38,1011.35
-37.9303,-37.4965,11,4282.63,1011.35
-37.9303,-36.6957,11,1523.4,1011.35
-37.2368,-45.104,11,91.26,1011.35
-37.2368,-42.7016,11,234.91,1011.35
-37.2368,-41.9008,11,157.17,1011.35
-37.2368,-41.1,11,130.13,1011.35
-37.2368,-40.2992,11,620.23,1011.35
-37.2368,-39.4985,11,202.8,1011.35
-37.2368,-38.6977,11,902.46,1011.35
-37.2368,-37.8969,11,1693.2,1011.35
-37.2368,-37.0961,11,414.05,1011.35
-36.5433,-40.6996,11,199.42,1011.35
-36.5433,-39.8988,11,305.89,1011.35
-36.5433,-38.2973,11,241.67,1011.35
-36.5433,-37.4965,11,711.49,1011.35
-35.8498,-39.4985,11,297.44,1011.35
-35.8498,-37.8969,11,432.64,1011.35
-35.1563,-43.102,11,96.33,1011.35
-35.1563,-39.0981,11,108.16,1011.35
-35.1563,-38.2973,11,103.09,1011.35
-34.4628,-41.9008,11,160.55,1011.35
-34.4628,-39.4985,11,339.69,1011.35
-33.7693,-44.7036,11,94.64,1011.35
-33.7693,-39.8988,11,216.32,1011.35
-37.1868,-56.4016,11,143.65,1011.35
-31.6388,-49.9953,11,221.39,1011.35
-41.3479,-33.8063,12,113.23,1011.35
-40.6544,-33.4059,12,468.13,1011.35
-40.6544,-31.8044,12,148.72,1011.35
-39.9609,-34.6071,12,180.83,1011.35
-39.9609,-33.8063,12,172.38,1011.35
-39.2674,-35.0075,12,192.66,1011.35
-39.2674,-33.4059,12,332.93,1011.35
-39.2674,-31.8044,12,114.92,1011.35
-39.2674,-28.6012,12,111.54,1011.35
-39.2674,-27.8004,12,148.72,1011.35
-38.5739,-35.4079,12,518.83,1011.35
-38.5739,-34.6071,12,192.66,1011.35
-38.5739,-33.8063,12,239.98,1011.35
-37.8803,-35.8083,12,388.7,1011.35
-37.8803,-34.2067,12,145.34,1011.35
-37.1868,-36.2087,12,648.96,1011.35
-37.1868,-35.4079,12,300.82,1011.35
-37.1868,-34.6071,12,233.22,1011.35
-36.4933,-35.8083,12,268.71,1011.35
-36.4933,-34.2067,12,177.45,1011.35
-35.7998,-34.6071,12,236.6,1011.35
-35.7998,-29.0016,12,143.65,1011.35
-35.1063,-37.4099,12,123.37,1011.35
-35.1063,-34.2067,12,179.14,1011.35
-34.4128,-36.2087,12,116.61,1011.35
-34.4128,-29.0016,12,123.37,1011.35
-33.0258,-37.8103,12,131.82,1011.35
-33.0258,-35.4079,12,114.92,1011.35
-31.6388,-33.0055,12,108.16,1011.35
-28.1713,-29.402,12,223.08,1011.35
-27.4778,-23.3961,12,160.55,1011.35
-50.4634,-26.1988,12,91.26,1011.35
-46.9959,-29.8024,12,148.72,1011.35
-46.3024,-33.4059,12,170.69,1011.35
-46.3024,-29.402,12,99.71,1011.35
-45.6089,-29.8024,12,94.64,1011.35
-44.2219,-33.8063,12,212.94,1011.35
-42.8349,-33.8063,12,119.99,1011.35
-42.1414,-29.402,12,131.82,1011.35
-28.8148,-40.2992,12,170.69,1011.35
-21.1863,-37.4965,12,239.98,1011.35
-46.2524,-38.2973,12,86.19,1011.35
-44.8654,-47.1059,12,133.51,1011.35
-44.8654,-35.8949,12,106.47,1011.35
-44.1719,-37.8969,12,302.51,1011.35
-43.4784,-40.6996,12,162.24,1011.35
-43.4784,-39.8988,12,635.44,1011.35
-43.4784,-39.0981,12,104.78,1011.35
-43.4784,-37.4965,12,182.52,1011.35
-43.4784,-36.6957,12,179.14,1011.35
-42.7849,-41.9008,12,179.14,1011.35
-42.7849,-40.2992,12,162.24,1011.35
-42.7849,-38.6977,12,246.74,1011.35
-42.7849,-37.8969,12,713.18,1011.35
-42.7849,-36.2953,12,148.72,1011.35
-42.0914,-39.8988,12,130.13,1011.35
-42.0914,-38.2973,12,483.34,1011.35
-42.0914,-37.4965,12,530.66,1011.35
-42.0914,-36.6957,12,116.61,1011.35
-41.3979,-42.7016,12,101.4,1011.35
-41.3979,-40.2992,12,461.37,1011.35
-41.3979,-39.4985,12,581.36,1011.35
-41.3979,-38.6977,12,584.74,1011.35
-41.3979,-37.8969,12,900.77,1011.35
-41.3979,-37.0961,12,119.99,1011.35
-41.3979,-34.6937,12,91.26,1011.35
-40.7044,-40.6996,12,219.7,1011.35
-40.7044,-39.8988,12,192.66,1011.35
-40.7044,-39.0981,12,689.52,1011.35
-40.7044,-38.2973,12,2542.19,1011.35
-40.7044,-37.4965,12,1353.6,1011.35
-40.7044,-36.6957,12,332.93,1011.35
-40.7044,-35.8949,12,495.17,1011.35
-40.0109,-49.1079,12,170.69,1011.35
-40.0109,-41.1,12,275.47,1011.35
-40.0109,-40.2992,12,681.07,1011.35
-40.0109,-39.4985,12,1438.5,1011.35
-40.0109,-38.6977,12,5301.42,1011.35
-40.0109,-37.8969,12,8442.7,1011.35
-40.0109,-37.0961,12,2075.24,1011.35
-40.0109,-36.2953,12,1480.95,1011.35
-40.0109,-35.4945,12,248.43,1011.35
-39.3174,-40.6996,12,219.7,1011.35
-39.3174,-39.8988,12,635.44,1011.35
-39.3174,-39.0981,12,7381.46,1011.35
-39.3174,-38.2973,12,67660.1,1011.35
-39.3174,-37.4965,12,12348.1,1011.35
-39.3174,-36.6957,12,1693.2,1011.35
-39.3174,-35.8949,12,628.68,1011.35
-38.6239,-43.5024,12,87.88,1011.35
-38.6239,-42.7016,12,86.19,1011.35
-38.6239,-41.9008,12,189.28,1011.35
-38.6239,-40.2992,12,476.58,1011.35
-38.6239,-39.4985,12,1226.25,1011.35
-38.6239,-38.6977,12,9249.25,1011.35
-38.6239,-37.8969,12,11838.7,1011.35
-38.6239,-37.0961,12,2499.74,1011.35
-38.6239,-36.2953,12,856.83,1011.35
-37.9303,-42.3012,12,158.86,1011.35
-37.9303,-41.5004,12,135.2,1011.35
-37.9303,-39.8988,12,417.43,1011.35
-37.9303,-39.0981,12,1778.1,1011.35
-37.9303,-38.2973,12,3094.04,1011.35
-37.9303,-37.4965,12,1947.89,1011.35
-37.9303,-36.6957,12,1268.7,1011.35
-37.2368,-44.3032,12,91.26,1011.35
-37.2368,-39.4985,12,272.09,1011.35
-37.2368,-38.6977,12,1396.05,1011.35
-37.2368,-37.8969,12,1014,1011.35
-37.2368,-37.0961,12,601.64,1011.35
-36.5433,-44.7036,12,114.92,1011.35
-36.5433,-43.102,12,114.92,1011.35
-36.5433,-39.0981,12,260.26,1011.35
-36.5433,-38.2973,12,833.17,1011.35
-36.5433,-37.4965,12,424.19,1011.35
-35.8498,-39.4985,12,113.23,1011.35
-35.8498,-38.6977,12,96.33,1011.35
-35.8498,-37.8969,12,211.25,1011.35
-35.1563,-45.5044,12,94.64,1011.35
-35.1563,-39.0981,12,133.51,1011.35
-34.4628,-43.5024,12,98.02,1011.35
-51.2069,-42.7016,12,108.16,1011.35
-21.1363,-29.402,13,179.14,1011.35
-40.6544,-33.4059,13,251.81,1011.35
-39.9609,-34.6071,13,177.45,1011.35
-39.9609,-33.0055,13,169,1011.35
-39.2674,-35.0075,13,145.34,1011.35
-39.2674,-27.8004,13,145.34,1011.35
-38.5739,-35.4079,13,148.72,1011.35
-38.5739,-33.8063,13,101.4,1011.35
-38.5739,-33.0055,13,98.02,1011.35
-37.8803,-35.8083,13,2711.99,1011.35
-37.8803,-35.0075,13,248.43,1011.35
-37.8803,-34.2067,13,130.13,1011.35
-37.1868,-35.4079,13,187.59,1011.35
-37.1868,-34.6071,13,150.41,1011.35
-37.1868,-32.2048,13,101.4,1011.35
-37.1868,-30.6032,13,290.68,1011.35
-36.4933,-36.6091,13,365.04,1011.35
-35.7998,-35.4079,13,147.03,1011.35
-35.1063,-30.2028,13,143.65,1011.35
-33.7193,-36.6091,13,238.29,1011.35
-32.3323,-34.2067,13,119.99,1011.35
-30.9453,-35.0075,13,91.26,1011.35
-30.9453,-34.2067,13,89.57,1011.35
-30.9453,-31.8044,13,87.88,1011.35
-30.2518,-33.8063,13,89.57,1011.35
-46.9959,-34.6071,13,211.25,1011.35
-44.2219,-33.0055,13,250.12,1011.35
-32.2823,-43.9028,13,92.95,1011.35
-32.2823,-39.8988,13,170.69,1011.35
-31.5888,-38.6977,13,153.79,1011.35
-28.8148,-41.9008,13,155.48,1011.35
-48.3329,-44.3032,13,150.41,1011.35
-46.9459,-45.104,13,136.89,1011.35
-46.9459,-41.9008,13,126.75,1011.35
-46.9459,-37.8969,13,174.07,1011.35
-46.2524,-41.5004,13,366.73,1011.35
-46.2524,-39.8988,13,98.02,1011.35
-45.5589,-39.4985,13,177.45,1011.35
-44.8654,-43.102,13,116.61,1011.35
-44.8654,-40.6996,13,131.82,1011.35
-44.8654,-37.4965,13,138.58,1011.35
-44.1719,-44.3032,13,177.45,1011.35
-44.1719,-38.6977,13,96.33,1011.35
-44.1719,-37.8969,13,179.14,1011.35
-43.4784,-43.102,13,175.76,1011.35
-43.4784,-41.5004,13,158.86,1011.35
-43.4784,-39.8988,13,113.23,1011.35
-43.4784,-39.0981,13,356.59,1011.35
-43.4784,-38.2973,13,483.34,1011.35
-43.4784,-37.4965,13,192.66,1011.35
-42.7849,-43.5024,13,290.68,1011.35
-42.7849,-39.4985,13,265.33,1011.35
-42.7849,-38.6977,13,598.26,1011.35
-42.7849,-37.8969,13,103.09,1011.35
-42.7849,-36.2953,13,99.71,1011.35
-42.7849,-35.4945,13,177.45,1011.35
-42.0914,-42.3012,13,101.4,1011.35
-42.0914,-41.5004,13,87.88,1011.35
-42.0914,-39.8988,13,371.8,1011.35
-42.0914,-39.0981,13,451.23,1011.35
-42.0914,-38.2973,13,777.4,1011.35
-42.0914,-37.4965,13,167.31,1011.35
-42.0914,-35.8949,13,182.52,1011.35
-41.3979,-41.1,13,165.62,1011.35
-41.3979,-40.2992,13,561.08,1011.35
-41.3979,-39.4985,13,459.68,1011.35
-41.3979,-38.6977,13,1608.3,1011.35
-41.3979,-37.8969,13,1947.89,1011.35
-41.3979,-37.0961,13,349.83,1011.35
-41.3979,-36.2953,13,598.26,1011.35
-41.3979,-35.4945,13,206.18,1011.35
-40.7044,-42.3012,13,221.39,1011.35
-40.7044,-41.5004,13,108.16,1011.35
-40.7044,-40.6996,13,527.28,1011.35
-40.7044,-39.8988,13,1183.8,1011.35
-40.7044,-39.0981,13,2457.29,1011.35
-40.7044,-38.2973,13,3688.33,1011.35
-40.7044,-37.4965,13,2584.64,1011.35
-40.7044,-36.6957,13,650.65,1011.35
-40.7044,-35.8949,13,187.59,1011.35
-40.7044,-35.0941,13,150.41,1011.35
-40.0109,-41.1,13,665.86,1011.35
-40.0109,-40.2992,13,909.22,1011.35
-40.0109,-39.4985,13,3560.98,1011.35
-40.0109,-38.6977,13,13748.9,1011.35
-40.0109,-37.8969,13,10904.8,1011.35
-40.0109,-37.0961,13,2287.49,1011.35
-40.0109,-36.2953,13,887.25,1011.35
-40.0109,-35.4945,13,339.69,1011.35
-39.3174,-40.6996,13,625.3,1011.35
-39.3174,-39.8988,13,2499.74,1011.35
-39.3174,-39.0981,13,10140.7,1011.35
-39.3174,-38.2973,13,43081.7,1011.35
-39.3174,-37.4965,13,10904.8,1011.35
-39.3174,-36.6957,13,2032.79,1011.35
-39.3174,-35.8949,13,648.96,1011.35
-38.6239,-41.1,13,174.07,1011.35
-38.6239,-40.2992,13,782.47,1011.35
-38.6239,-39.4985,13,2754.44,1011.35
-38.6239,-38.6977,13,7636.16,1011.35
-38.6239,-37.8969,13,10692.5,1011.35
-38.6239,-37.0961,13,2584.64,1011.35
-38.6239,-36.2953,13,804.44,1011.35
-37.9303,-43.102,13,295.75,1011.35
-37.9303,-42.3012,13,86.19,1011.35
-37.9303,-40.6996,13,160.55,1011.35
-37.9303,-39.8988,13,904.15,1011.35
-37.9303,-39.0981,13,2329.94,1011.35
-37.9303,-38.2973,13,2372.39,1011.35
-37.9303,-37.4965,13,2202.59,1011.35
-37.9303,-36.6957,13,1438.5,1011.35
-37.2368,-44.3032,13,136.89,1011.35
-37.2368,-41.9008,13,231.53,1011.35
-37.2368,-40.2992,13,500.24,1011.35
-37.2368,-39.4985,13,228.15,1011.35
-37.2368,-38.6977,13,307.58,1011.35
-37.2368,-37.8969,13,488.41,1011.35
-37.2368,-37.0961,13,468.13,1011.35
-36.5433,-41.5004,13,116.61,1011.35
-36.5433,-39.8988,13,643.89,1011.35
-36.5433,-39.0981,13,229.84,1011.35
-36.5433,-38.2973,13,317.72,1011.35
-36.5433,-37.4965,13,234.91,1011.35
-35.8498,-38.6977,13,116.61,1011.35
-35.8498,-37.8969,13,202.8,1011.35
-35.1563,-43.102,13,125.06,1011.35
-35.1563,-39.8988,13,89.57,1011.35
-35.1563,-39.0981,13,310.96,1011.35
-35.1563,-38.2973,13,711.49,1011.35
-34.4628,-39.4985,13,136.89,1011.35
-34.4628,-38.6977,13,348.14,1011.35
-61.6095,-42.3012,13,226.46,1011.35
-51.9004,-44.7036,13,167.31,1011.35
-30.2518,-51.5969,13,103.09,1011.35
-45.6089,-54.8,13,108.16,1011.35
-41.3479,-33.0055,14,108.16,1011.35
-39.2674,-32.6051,14,92.95,1011.35
-38.5739,-35.4079,14,185.9,1011.35
-38.5739,-34.6071,14,189.28,1011.35
-38.5739,-33.8063,14,292.37,1011.35
-37.8803,-35.8083,14,123.37,1011.35
-37.8803,-35.0075,14,113.23,1011.35
-37.1868,-36.2087,14,184.21,1011.35
-37.1868,-35.4079,14,184.21,1011.35
-37.1868,-34.6071,14,234.91,1011.35
-37.1868,-33.0055,14,338,1011.35
-36.4933,-36.6091,14,98.02,1011.35
-35.1063,-37.4099,14,214.63,1011.35
-35.1063,-36.6091,14,98.02,1011.35
-35.1063,-35.8083,14,245.05,1011.35
-34.4128,-35.4079,14,138.58,1011.35
-33.7193,-38.2107,14,380.25,1011.35
-33.0258,-31.404,14,454.61,1011.35
-32.3323,-36.6091,14,89.57,1011.35
-53.9309,-29.0016,14,96.33,1011.35
-48.3829,-34.6071,14,157.17,1011.35
-44.9154,-33.4059,14,233.22,1011.35
-44.2219,-24.9977,14,104.78,1011.35
-42.8349,-33.8063,14,94.64,1011.35
-32.9758,-45.104,14,197.73,1011.35
-28.8148,-41.1,14,157.17,1011.35
-28.1213,-43.102,14,91.26,1011.35
-25.3473,-50.3091,14,128.44,1011.35
-48.3329,-41.9008,14,152.1,1011.35
-44.8654,-43.102,14,86.19,1011.35
-44.1719,-41.9008,14,343.07,1011.35
-43.4784,-40.6996,14,98.02,1011.35
-43.4784,-39.8988,14,175.76,1011.35
-43.4784,-35.8949,14,118.3,1011.35
-42.7849,-40.2992,14,131.82,1011.35
-42.7849,-37.0961,14,206.18,1011.35
-42.7849,-36.2953,14,175.76,1011.35
-42.0914,-49.5083,14,209.56,1011.35
-42.0914,-42.3012,14,167.31,1011.35
-42.0914,-40.6996,14,248.43,1011.35
-42.0914,-39.8988,14,417.43,1011.35
-42.0914,-39.0981,14,109.85,1011.35
-42.0914,-38.2973,14,226.46,1011.35
-42.0914,-37.4965,14,457.99,1011.35
-42.0914,-36.6957,14,255.19,1011.35
-42.0914,-35.8949,14,277.16,1011.35
-42.0914,-35.0941,14,111.54,1011.35
-41.3979,-41.9008,14,243.36,1011.35
-41.3979,-41.1,14,121.68,1011.35
-41.3979,-39.4985,14,488.41,1011.35
-41.3979,-38.6977,14,1183.8,1011.35
-41.3979,-37.8969,14,784.16,1011.35
-41.3979,-37.0961,14,1693.2,1011.35
-41.3979,-36.2953,14,113.23,1011.35
-41.3979,-35.4945,14,196.04,1011.35
-40.7044,-46.3052,14,184.21,1011.35
-40.7044,-41.5004,14,145.34,1011.35
-40.7044,-40.6996,14,194.35,1011.35
-40.7044,-39.8988,14,1098.9,1011.35
-40.7044,-39.0981,14,1862.99,1011.35
-40.7044,-38.2973,14,3603.43,1011.35
-40.7044,-37.4965,14,1438.5,1011.35
-40.7044,-36.6957,14,718.25,1011.35
-40.7044,-35.8949,14,238.29,1011.35
-40.7044,-35.0941,14,169,1011.35
-40.0109,-45.104,14,194.35,1011.35
-40.0109,-42.7016,14,114.92,1011.35
-40.0109,-41.9008,14,114.92,1011.35
-40.0109,-41.1,14,603.33,1011.35
-40.0109,-40.2992,14,1098.9,1011.35
-40.0109,-39.4985,14,3730.78,1011.35
-40.0109,-38.6977,14,18545.7,1011.35
-40.0109,-37.8969,14,9461.5,1011.35
-40.0109,-37.0961,14,1035.97,1011.35
-40.0109,-36.2953,14,571.22,1011.35
-40.0109,-35.4945,14,427.57,1011.35
-39.3174,-40.6996,14,368.42,1011.35
-39.3174,-39.8988,14,2669.54,1011.35
-39.3174,-39.0981,14,9334.15,1011.35
-39.3174,-38.2973,14,31110.9,1011.35
-39.3174,-37.4965,14,4197.73,1011.35
-39.3174,-36.6957,14,654.03,1011.35
-39.3174,-35.8949,14,332.93,1011.35
-38.6239,-43.5024,14,566.15,1011.35
-38.6239,-41.1,14,643.89,1011.35
-38.6239,-40.2992,14,870.35,1011.35
-38.6239,-39.4985,14,1353.6,1011.35
-38.6239,-38.6977,14,4409.98,1011.35
-38.6239,-37.8969,14,3051.59,1011.35
-38.6239,-37.0961,14,1650.75,1011.35
-38.6239,-36.2953,14,748.67,1011.35
-37.9303,-46.3052,14,143.65,1011.35
-37.9303,-43.102,14,167.31,1011.35
-37.9303,-41.5004,14,256.88,1011.35
-37.9303,-40.6996,14,1014,1011.35
-37.9303,-39.8988,14,660.79,1011.35
-37.9303,-39.0981,14,895.7,1011.35
-37.9303,-38.2973,14,1608.3,1011.35
-37.9303,-37.4965,14,672.62,1011.35
-37.9303,-36.6957,14,385.32,1011.35
-37.2368,-49.9087,14,130.13,1011.35
-37.2368,-49.1079,14,116.61,1011.35
-37.2368,-45.9048,14,138.58,1011.35
-37.2368,-41.9008,14,305.89,1011.35
-37.2368,-41.1,14,243.36,1011.35
-37.2368,-40.2992,14,398.84,1011.35
-37.2368,-39.4985,14,478.27,1011.35
-37.2368,-38.6977,14,442.78,1011.35
-37.2368,-37.8969,14,182.52,1011.35
-37.2368,-37.0961,14,270.4,1011.35
-36.5433,-47.9067,14,121.68,1011.35
-36.5433,-44.7036,14,114.92,1011.35
-36.5433,-41.5004,14,113.23,1011.35
-36.5433,-40.6996,14,96.33,1011.35
-36.5433,-39.8988,14,86.19,1011.35
-36.5433,-39.0981,14,157.17,1011.35
-36.5433,-37.4965,14,490.1,1011.35
-35.8498,-43.5024,14,378.56,1011.35
-35.8498,-38.6977,14,180.83,1011.35
-35.1563,-39.8988,14,201.11,1011.35
-35.1563,-39.0981,14,371.8,1011.35
-16.2317,-41.9008,14,167.31,1011.35
-36.4933,-51.9973,14,212.94,1011.35
-15.5882,-31.8044,15,145.34,1011.35
-41.3479,-33.8063,15,223.08,1011.35
-41.3479,-32.2048,15,162.24,1011.35
-39.2674,-35.0075,15,310.96,1011.35
-38.5739,-35.4079,15,141.96,1011.35
-38.5739,-33.8063,15,92.95,1011.35
-37.1868,-36.2087,15,577.98,1011.35
-35.7998,-37.0095,15,655.72,1011.35
-35.1063,-36.6091,15,126.75,1011.35
-35.1063,-34.2067,15,212.94,1011.35
-34.4128,-32.2048,15,167.31,1011.35
-33.0258,-36.2087,15,130.13,1011.35
-32.3323,-35.0075,15,211.25,1011.35
-27.4778,-26.5992,15,116.61,1011.35
-51.1569,-22.5953,15,287.3,1011.35
-48.3829,-30.6032,15,92.95,1011.35
-46.3024,-35.8083,15,246.74,1011.35
-45.6089,-33.0055,15,187.59,1011.35
-43.5284,-30.2028,15,87.88,1011.35
-59.579,-29.0016,15,152.1,1011.35
-32.9758,-41.9008,15,133.51,1011.35
-28.1213,-45.5044,15,136.89,1011.35
-27.4278,-39.4985,15,116.61,1011.35
-26.0408,-44.3032,15,408.98,1011.35
-46.9459,-45.104,15,175.76,1011.35
-46.2524,-48.7075,15,108.16,1011.35
-46.2524,-41.5004,15,111.54,1011.35
-45.5589,-39.4985,15,101.4,1011.35
-44.8654,-39.8988,15,169,1011.35
-44.1719,-41.9008,15,109.85,1011.35
-44.1719,-37.8969,15,187.59,1011.35
-43.4784,-47.9067,15,250.12,1011.35
-43.4784,-41.5004,15,136.89,1011.35
-43.4784,-40.6996,15,1014,1011.35
-43.4784,-39.0981,15,130.13,1011.35
-43.4784,-36.6957,15,197.73,1011.35
-42.7849,-45.104,15,114.92,1011.35
-42.7849,-43.5024,15,125.06,1011.35
-42.7849,-42.7016,15,86.19,1011.35
-42.7849,-41.1,15,408.98,1011.35
-42.7849,-40.2992,15,351.52,1011.35
-42.7849,-37.8969,15,334.62,1011.35
-42.7849,-36.2953,15,373.49,1011.35
-42.7849,-35.4945,15,410.67,1011.35
-42.0914,-43.9028,15,427.57,1011.35
-42.0914,-39.8988,15,437.71,1011.35
-42.0914,-39.0981,15,522.21,1011.35
-42.0914,-38.2973,15,544.18,1011.35
-42.0914,-37.4965,15,245.05,1011.35
-42.0914,-36.6957,15,628.68,1011.35
-42.0914,-35.8949,15,170.69,1011.35
-42.0914,-35.0941,15,436.02,1011.35
-41.3979,-43.5024,15,116.61,1011.35
-41.3979,-41.9008,15,148.72,1011.35
-41.3979,-40.2992,15,268.71,1011.35
-41.3979,-39.4985,15,650.65,1011.35
-41.3979,-38.6977,15,1014,1011.35
-41.3979,-37.8969,15,544.18,1011.35
-41.3979,-37.0961,15,138.58,1011.35
-41.3979,-36.2953,15,228.15,1011.35
-40.7044,-44.7036,15,123.37,1011.35
-40.7044,-41.5004,15,405.6,1011.35
-40.7044,-40.6996,15,792.61,1011.35
-40.7044,-39.8988,15,2032.79,1011.35
-40.7044,-39.0981,15,3348.74,1011.35
-40.7044,-38.2973,15,5089.17,1011.35
-40.7044,-37.4965,15,2627.09,1011.35
-40.7044,-36.6957,15,763.88,1011.35
-40.7044,-35.8949,15,145.34,1011.35
-40.0109,-43.5024,15,162.24,1011.35
-40.0109,-42.7016,15,180.83,1011.35
-40.0109,-41.9008,15,148.72,1011.35
-40.0109,-41.1,15,136.89,1011.35
-40.0109,-40.2992,15,1098.9,1011.35
-40.0109,-39.4985,15,6956.96,1011.35
-40.0109,-38.6977,15,23512.4,1011.35
-40.0109,-37.8969,15,5174.07,1011.35
-40.0109,-37.0961,15,1226.25,1011.35
-40.0109,-36.2953,15,128.44,1011.35
-40.0109,-35.4945,15,586.43,1011.35
-39.3174,-43.102,15,192.66,1011.35
-39.3174,-42.3012,15,145.34,1011.35
-39.3174,-40.6996,15,736.84,1011.35
-39.3174,-39.8988,15,1947.89,1011.35
-39.3174,-39.0981,15,8357.8,1011.35
-39.3174,-38.2973,15,10862.3,1011.35
-39.3174,-37.4965,15,3433.63,1011.35
-39.3174,-36.6957,15,691.21,1011.35
-39.3174,-35.8949,15,150.41,1011.35
-38.6239,-49.9087,15,174.07,1011.35
-38.6239,-45.104,15,101.4,1011.35
-38.6239,-43.5024,15,157.17,1011.35
-38.6239,-41.9008,15,774.02,1011.35
-38.6239,-41.1,15,339.69,1011.35
-38.6239,-40.2992,15,667.55,1011.35
-38.6239,-39.4985,15,1735.65,1011.35
-38.6239,-38.6977,15,2584.64,1011.35
-38.6239,-37.8969,15,1565.85,1011.35
-38.6239,-37.0961,15,958.23,1011.35
-38.6239,-36.2953,15,623.61,1011.35
-37.9303,-47.9067,15,148.72,1011.35
-37.9303,-42.3012,15,304.2,1011.35
-37.9303,-40.6996,15,449.54,1011.35
-37.9303,-39.8988,15,939.64,1011.35
-37.9303,-39.0981,15,528.97,1011.35
-37.9303,-38.2973,15,1311.15,1011.35
-37.9303,-37.4965,15,1007.24,1011.35
-37.2368,-41.9008,15,96.33,1011.35
-37.2368,-41.1,15,400.53,1011.35
-37.2368,-39.4985,15,245.05,1011.35
-37.2368,-38.6977,15,415.74,1011.35
-37.2368,-37.8969,15,319.41,1011.35
-37.2368,-37.0961,15,229.84,1011.35
-36.5433,-43.9028,15,116.61,1011.35
-36.5433,-38.2973,15,162.24,1011.35
-35.8498,-44.3032,15,158.86,1011.35
-35.8498,-41.1,15,147.03,1011.35
-35.8498,-38.6977,15,243.36,1011.35
-35.1563,-39.0981,15,118.3,1011.35
-33.7693,-43.102,15,125.06,1011.35
-33.7693,-42.3012,15,114.92,1011.35
-33.7693,-39.0981,15,99.71,1011.35
-35.1563,-16.5028,16,265.33,1011.35
-41.3479,-26.5992,16,96.33,1011.35
-40.6544,-33.4059,16,87.88,1011.35
-40.6544,-32.6051,16,91.26,1011.35
-39.9609,-26.5992,16,109.85,1011.35
-37.8803,-35.8083,16,130.13,1011.35
-37.8803,-35.0075,16,99.71,1011.35
-37.8803,-33.4059,16,152.1,1011.35
-37.1868,-34.6071,16,258.57,1011.35
-35.7998,-34.6071,16,94.64,1011.35
-52.5439,-25.7984,16,98.02,1011.35
-47.6894,-34.2067,16,89.57,1011.35
-46.9959,-36.2087,16,138.58,1011.35
-46.9959,-33.8063,16,106.47,1011.35
-44.9154,-34.2067,16,202.8,1011.35
-44.9154,-32.6051,16,322.79,1011.35
-43.5284,-28.6012,16,125.06,1011.35
-42.8349,-33.8063,16,104.78,1011.35
-42.1414,-33.4059,16,133.51,1011.35
-42.1414,-32.6051,16,119.99,1011.35
-42.1414,-28.6012,16,147.03,1011.35
-32.9758,-41.9008,16,184.21,1011.35
-32.9758,-39.4985,16,163.93,1011.35
-30.8953,-46.3052,16,143.65,1011.35
-30.8953,-43.9028,16,136.89,1011.35
-30.8953,-43.102,16,135.2,1011.35
-28.1213,-40.6996,16,104.78,1011.35
-49.7199,-45.104,16,216.32,1011.35
-49.0264,-41.5004,16,91.26,1011.35
-47.6394,-41.5004,16,103.09,1011.35
-47.6394,-37.4965,16,106.47,1011.35
-44.8654,-39.0981,16,182.52,1011.35
-44.8654,-37.4965,16,96.33,1011.35
-43.4784,-44.7036,16,179.14,1011.35
-43.4784,-41.5004,16,138.58,1011.35
-43.4784,-40.6996,16,309.27,1011.35
-43.4784,-39.8988,16,297.44,1011.35
-43.4784,-37.4965,16,310.96,1011.35
-42.7849,-41.9008,16,89.57,1011.35
-42.7849,-41.1,16,125.06,1011.35
-42.7849,-40.2992,16,126.75,1011.35
-42.7849,-39.4985,16,405.6,1011.35
-42.7849,-37.8969,16,285.61,1011.35
-42.7849,-35.4945,16,114.92,1011.35
-42.0914,-42.3012,16,270.4,1011.35
-42.0914,-39.8988,16,351.52,1011.35
-42.0914,-39.0981,16,410.67,1011.35
-42.0914,-38.2973,16,885.56,1011.35
-42.0914,-37.4965,16,108.16,1011.35
-41.3979,-47.5063,16,170.69,1011.35
-41.3979,-45.104,16,430.95,1011.35
-41.3979,-43.5024,16,179.14,1011.35
-41.3979,-41.9008,16,626.99,1011.35
-41.3979,-41.1,16,567.84,1011.35
-41.3979,-40.2992,16,746.98,1011.35
-41.3979,-39.4985,16,816.27,1011.35
-41.3979,-38.6977,16,486.72,1011.35
-41.3979,-37.8969,16,359.97,1011.35
-41.3979,-37.0961,16,194.35,1011.35
-40.7044,-42.3012,16,310.96,1011.35
-40.7044,-41.5004,16,174.07,1011.35
-40.7044,-40.6996,16,757.12,1011.35
-40.7044,-39.8988,16,2160.14,1011.35
-40.7044,-39.0981,16,4919.38,1011.35
-40.7044,-38.2973,16,1353.6,1011.35
-40.7044,-37.4965,16,1523.4,1011.35
-40.7044,-36.6957,16,126.75,1011.35
-40.7044,-35.8949,16,89.57,1011.35
-40.7044,-35.0941,16,179.14,1011.35
-40.0109,-41.9008,16,297.44,1011.35
-40.0109,-41.1,16,304.2,1011.35
-40.0109,-40.2992,16,253.5,1011.35
-40.0109,-39.4985,16,5386.32,1011.35
-40.0109,-38.6977,16,17569.4,1011.35
-40.0109,-37.8969,16,3645.88,1011.35
-40.0109,-37.0961,16,3136.49,1011.35
-39.3174,-46.3052,16,126.75,1011.35
-39.3174,-43.102,16,116.61,1011.35
-39.3174,-42.3012,16,500.24,1011.35
-39.3174,-41.5004,16,243.36,1011.35
-39.3174,-40.6996,16,128.44,1011.35
-39.3174,-39.8988,16,1056.45,1011.35
-39.3174,-39.0981,16,4282.63,1011.35
-39.3174,-38.2973,16,3560.98,1011.35
-39.3174,-37.4965,16,1268.7,1011.35
-39.3174,-36.6957,16,312.65,1011.35
-39.3174,-35.8949,16,177.45,1011.35
-38.6239,-45.9048,16,128.44,1011.35
-38.6239,-43.5024,16,116.61,1011.35
-38.6239,-42.7016,16,162.24,1011.35
-38.6239,-41.9008,16,451.23,1011.35
-38.6239,-41.1,16,179.14,1011.35
-38.6239,-39.4985,16,1019.07,1011.35
-38.6239,-38.6977,16,1098.9,1011.35
-38.6239,-37.8969,16,1268.7,1011.35
-38.6239,-37.0961,16,588.12,1011.35
-38.6239,-36.2953,16,238.29,1011.35
-37.9303,-42.3012,16,469.82,1011.35
-37.9303,-41.5004,16,111.54,1011.35
-37.9303,-40.6996,16,586.43,1011.35
-37.9303,-39.8988,16,478.27,1011.35
-37.9303,-39.0981,16,512.07,1011.35
-37.9303,-38.2973,16,417.43,1011.35
-37.9303,-37.4965,16,175.76,1011.35
-37.9303,-36.6957,16,312.65,1011.35
-37.2368,-40.2992,16,86.19,1011.35
-37.2368,-38.6977,16,468.13,1011.35
-37.2368,-37.8969,16,314.34,1011.35
-37.2368,-37.0961,16,182.52,1011.35
-35.8498,-41.1,16,131.82,1011.35
-35.8498,-40.2992,16,162.24,1011.35
-35.1563,-39.0981,16,92.95,1011.35
-35.1563,-38.2973,16,300.82,1011.35
-53.2874,-38.2973,16,86.19,1011.35
-35.7998,-50.7961,16,145.34,1011.35
-32.3323,-52.7981,16,326.17,1011.35
-42.7849,-18.5047,17,155.48,1011.35
-40.6544,-33.4059,17,229.84,1011.35
-40.6544,-31.0036,17,310.96,1011.35
-39.2674,-35.0075,17,175.76,1011.35
-39.2674,-33.4059,17,123.37,1011.35
-37.8803,-35.0075,17,170.69,1011.35
-37.8803,-32.6051,17,167.31,1011.35
-37.8803,-31.8044,17,339.69,1011.35
-36.4933,-27.8004,17,180.83,1011.35
-33.7193,-36.6091,17,123.37,1011.35
-33.7193,-31.8044,17,196.04,1011.35
-33.0258,-37.8103,17,170.69,1011.35
-32.3323,-34.2067,17,147.03,1011.35
-32.3323,-32.6051,17,512.07,1011.35
-31.6388,-33.0055,17,92.95,1011.35
-29.5583,-32.6051,17,223.08,1011.35
-53.2374,-35.0075,17,94.64,1011.35
-50.4634,-38.2107,17,121.68,1011.35
-46.9959,-34.6071,17,89.57,1011.35
-45.6089,-33.8063,17,282.23,1011.35
-44.9154,-34.2067,17,118.3,1011.35
-42.8349,-33.8063,17,344.76,1011.35
-30.2018,-42.7016,17,199.42,1011.35
-29.5083,-44.7036,17,221.39,1011.35
-28.1213,-38.2973,17,170.69,1011.35
-49.7199,-42.7016,17,174.07,1011.35
-46.9459,-39.4985,17,96.33,1011.35
-46.9459,-37.0961,17,123.37,1011.35
-45.5589,-41.9008,17,229.84,1011.35
-44.8654,-42.3012,17,197.73,1011.35
-44.8654,-40.6996,17,175.76,1011.35
-44.8654,-39.8988,17,415.74,1011.35
-44.8654,-37.4965,17,150.41,1011.35
-44.1719,-40.2992,17,163.93,1011.35
-44.1719,-39.4985,17,207.87,1011.35
-44.1719,-37.8969,17,91.26,1011.35
-43.4784,-41.5004,17,135.2,1011.35
-43.4784,-40.6996,17,130.13,1011.35
-43.4784,-39.0981,17,101.4,1011.35
-43.4784,-36.6957,17,442.78,1011.35
-42.7849,-45.104,17,91.26,1011.35
-42.7849,-43.5024,17,135.2,1011.35
-42.7849,-42.7016,17,96.33,1011.35
-42.7849,-41.1,17,165.62,1011.35
-42.7849,-38.6977,17,258.57,1011.35
-42.7849,-37.8969,17,153.79,1011.35
-42.7849,-36.2953,17,152.1,1011.35
-42.7849,-35.4945,17,358.28,1011.35
-42.0914,-42.3012,17,94.64,1011.35
-42.0914,-41.5004,17,324.48,1011.35
-42.0914,-40.6996,17,153.79,1011.35
-42.0914,-39.8988,17,1098.9,1011.35
-42.0914,-39.0981,17,591.5,1011.35
-42.0914,-38.2973,17,376.87,1011.35
-42.0914,-37.4965,17,248.43,1011.35
-42.0914,-35.8949,17,589.81,1011.35
-41.3979,-46.7056,17,128.44,1011.35
-41.3979,-43.5024,17,189.28,1011.35
-41.3979,-41.1,17,197.73,1011.35
-41.3979,-40.2992,17,839.93,1011.35
-41.3979,-39.4985,17,1396.05,1011.35
-41.3979,-38.6977,17,912.6,1011.35
-41.3979,-37.8969,17,1396.05,1011.35
-41.3979,-37.0961,17,632.06,1011.35
-41.3979,-36.2953,17,192.66,1011.35
-41.3979,-34.6937,17,101.4,1011.35
-40.7044,-48.7075,17,113.23,1011.35
-40.7044,-44.7036,17,153.79,1011.35
-40.7044,-41.5004,17,373.49,1011.35
-40.7044,-40.6996,17,779.09,1011.35
-40.7044,-39.8988,17,3009.14,1011.35
-40.7044,-39.0981,17,7466.36,1011.35
-40.7044,-38.2973,17,3603.43,1011.35
-40.7044,-37.4965,17,385.32,1011.35
-40.7044,-36.6957,17,376.87,1011.35
-40.7044,-35.0941,17,91.26,1011.35
-40.0109,-46.7056,17,106.47,1011.35
-40.0109,-42.7016,17,216.32,1011.35
-40.0109,-41.9008,17,158.86,1011.35
-40.0109,-41.1,17,414.05,1011.35
-40.0109,-40.2992,17,1480.95,1011.35
-40.0109,-39.4985,17,7254.11,1011.35
-40.0109,-38.6977,17,7678.61,1011.35
-40.0109,-37.8969,17,1608.3,1011.35
-40.0109,-37.0961,17,522.21,1011.35
-40.0109,-36.2953,17,135.2,1011.35
-39.3174,-43.102,17,346.45,1011.35
-39.3174,-42.3012,17,500.24,1011.35
-39.3174,-40.6996,17,1056.45,1011.35
-39.3174,-39.8988,17,1693.2,1011.35
-39.3174,-39.0981,17,2796.89,1011.35
-39.3174,-38.2973,17,2245.04,1011.35
-39.3174,-37.4965,17,713.18,1011.35
-39.3174,-36.6957,17,378.56,1011.35
-39.3174,-35.8949,17,175.76,1011.35
-38.6239,-41.1,17,219.7,1011.35
-38.6239,-40.2992,17,725.01,1011.35
-38.6239,-39.4985,17,1820.54,1011.35
-38.6239,-38.6977,17,1268.7,1011.35
-38.6239,-37.8969,17,635.44,1011.35
-38.6239,-36.2953,17,152.1,1011.35
-37.9303,-41.5004,17,564.46,1011.35
-37.9303,-40.6996,17,307.58,1011.35
-37.9303,-39.0981,17,150.41,1011.35
-37.9303,-38.2973,17,464.75,1011.35
-37.9303,-37.4965,17,349.83,1011.35
-37.9303,-36.6957,17,138.58,1011.35
-37.2368,-41.9008,17,329.55,1011.35
-37.2368,-41.1,17,393.77,1011.35
-37.2368,-40.2992,17,109.85,1011.35
-37.2368,-39.4985,17,349.83,1011.35
-37.2368,-37.8969,17,148.72,1011.35
-36.5433,-43.102,17,145.34,1011.35
-36.5433,-41.5004,17,87.88,1011.35
-36.5433,-40.6996,17,437.71,1011.35
-36.5433,-37.4965,17,180.83,1011.35
-35.8498,-39.4985,17,94.64,1011.35
-35.8498,-38.6977,17,99.71,1011.35
-35.1563,-39.8988,17,147.03,1011.35
-34.4628,-45.9048,17,133.51,1011.35
-34.4628,-41.1,17,148.72,1011.35
-34.4628,-39.4985,17,177.45,1011.35
-33.7693,-43.102,17,270.4,1011.35
-33.7693,-42.3012,17,123.37,1011.35
-33.7693,-39.0981,17,152.1,1011.35
-38.5739,-35.4079,18,263.64,1011.35
-36.4933,-35.8083,18,89.57,1011.35
-35.7998,-35.4079,18,167.31,1011.35
-35.7998,-30.6032,18,98.02,1011.35
-50.4634,-31.8044,18,223.08,1011.35
-49.0764,-35.0075,18,89.57,1011.35
-48.3829,-33.0055,18,135.2,1011.35
-45.6089,-34.6071,18,86.19,1011.35
-44.9154,-35.0075,18,111.54,1011.35
-44.9154,-34.2067,18,420.81,1011.35
-32.9758,-45.104,18,106.47,1011.35
-32.2823,-39.8988,18,272.09,1011.35
-31.5888,-43.5024,18,157.17,1011.35
-49.0264,-44.7036,18,123.37,1011.35
-46.2524,-37.4965,18,277.16,1011.35
-44.8654,-41.5004,18,189.28,1011.35
-44.8654,-35.8949,18,130.13,1011.35
-44.1719,-41.1,18,99.71,1011.35
-44.1719,-38.6977,18,128.44,1011.35
-44.1719,-37.8969,18,91.26,1011.35
-43.4784,-43.102,18,185.9,1011.35
-43.4784,-41.5004,18,92.95,1011.35
-43.4784,-40.6996,18,150.41,1011.35
-43.4784,-39.8988,18,459.68,1011.35
-43.4784,-39.0981,18,101.4,1011.35
-43.4784,-35.0941,18,152.1,1011.35
-42.7849,-40.2992,18,94.64,1011.35
-42.7849,-39.4985,18,199.42,1011.35
-42.7849,-38.6977,18,261.95,1011.35
-42.7849,-37.8969,18,87.88,1011.35
-42.7849,-37.0961,18,429.26,1011.35
-42.0914,-42.3012,18,177.45,1011.35
-42.0914,-41.5004,18,113.23,1011.35
-42.0914,-39.0981,18,263.64,1011.35
-42.0914,-38.2973,18,310.96,1011.35
-42.0914,-37.4965,18,250.12,1011.35
-42.0914,-36.6957,18,147.03,1011.35
-41.3979,-45.104,18,209.56,1011.35
-41.3979,-42.7016,18,427.57,1011.35
-41.3979,-41.9008,18,133.51,1011.35
-41.3979,-41.1,18,273.78,1011.35
-41.3979,-40.2992,18,109.85,1011.35
-41.3979,-39.4985,18,878.8,1011.35
-41.3979,-38.6977,18,1014,1011.35
-41.3979,-37.8969,18,141.96,1011.35
-41.3979,-35.4945,18,138.58,1011.35
-41.3979,-34.6937,18,189.28,1011.35
-40.7044,-45.5044,18,285.61,1011.35
-40.7044,-42.3012,18,204.49,1011.35
-40.7044,-41.5004,18,89.57,1011.35
-40.7044,-40.6996,18,275.47,1011.35
-40.7044,-39.8988,18,1353.6,1011.35
-40.7044,-39.0981,18,4240.18,1011.35
-40.7044,-38.2973,18,559.39,1011.35
-40.7044,-37.4965,18,447.85,1011.35
-40.7044,-36.6957,18,103.09,1011.35
-40.7044,-35.8949,18,131.82,1011.35
-40.0109,-42.7016,18,163.93,1011.35
-40.0109,-41.9008,18,317.72,1011.35
-40.0109,-41.1,18,535.73,1011.35
-40.0109,-40.2992,18,544.18,1011.35
-40.0109,-39.4985,18,4240.18,1011.35
-40.0109,-38.6977,18,2754.44,1011.35
-40.0109,-37.8969,18,873.73,1011.35
-40.0109,-37.0961,18,255.19,1011.35
-39.3174,-41.5004,18,98.02,1011.35
-39.3174,-40.6996,18,229.84,1011.35
-39.3174,-39.8988,18,843.31,1011.35
-39.3174,-39.0981,18,643.89,1011.35
-39.3174,-38.2973,18,599.95,1011.35
-39.3174,-37.4965,18,150.41,1011.35
-39.3174,-36.6957,18,128.44,1011.35
-38.6239,-42.7016,18,135.2,1011.35
-38.6239,-41.9008,18,106.47,1011.35
-38.6239,-39.4985,18,654.03,1011.35
-38.6239,-38.6977,18,1056.45,1011.35
-38.6239,-36.2953,18,299.13,1011.35
-37.9303,-40.6996,18,126.75,1011.35
-37.9303,-39.0981,18,104.78,1011.35
-37.9303,-38.2973,18,343.07,1011.35
-37.9303,-37.4965,18,121.68,1011.35
-37.9303,-36.6957,18,104.78,1011.35
-37.2368,-39.4985,18,143.65,1011.35
-37.2368,-37.8969,18,126.75,1011.35
-37.2368,-37.0961,18,243.36,1011.35
-36.5433,-41.5004,18,131.82,1011.35
-34.4628,-40.2992,18,96.33,1011.35
-33.0258,-49.1945,18,388.7,1011.35
-44.2219,-56.4016,18,221.39,1011.35
-18.3623,-27.8004,19,104.78,1011.35
-39.2674,-35.0075,19,239.98,1011.35
-39.2674,-32.6051,19,92.95,1011.35
-38.5739,-34.6071,19,163.93,1011.35
-38.5739,-33.8063,19,123.37,1011.35
-35.7998,-24.1969,19,253.5,1011.35
-30.9453,-34.2067,19,136.89,1011.35
-47.6894,-34.2067,19,114.92,1011.35
-47.6894,-22.9957,19,194.35,1011.35
-46.9959,-33.8063,19,258.57,1011.35
-30.8953,-40.6996,19,162.24,1011.35
-26.0408,-43.5024,19,147.03,1011.35
-49.0264,-39.8988,19,145.34,1011.35
-47.6394,-43.9028,19,174.07,1011.35
-46.2524,-37.4965,19,194.35,1011.35
-46.2524,-36.6957,19,165.62,1011.35
-44.1719,-39.4985,19,141.96,1011.35
-44.1719,-38.6977,19,148.72,1011.35
-43.4784,-45.5044,19,108.16,1011.35
-43.4784,-44.7036,19,89.57,1011.35
-43.4784,-37.4965,19,368.42,1011.35
-43.4784,-36.6957,19,233.22,1011.35
-42.7849,-41.1,19,167.31,1011.35
-42.7849,-39.4985,19,130.13,1011.35
-42.7849,-38.6977,19,133.51,1011.35
-42.7849,-37.8969,19,111.54,1011.35
-42.0914,-42.3012,19,169,1011.35
-42.0914,-40.6996,19,618.54,1011.35
-42.0914,-39.0981,19,361.66,1011.35
-42.0914,-38.2973,19,692.9,1011.35
-42.0914,-37.4965,19,136.89,1011.35
-42.0914,-36.6957,19,163.93,1011.35
-41.3979,-42.7016,19,393.77,1011.35
-41.3979,-41.9008,19,158.86,1011.35
-41.3979,-41.1,19,138.58,1011.35
-41.3979,-40.2992,19,1693.2,1011.35
-41.3979,-39.4985,19,1268.7,1011.35
-41.3979,-38.6977,19,485.03,1011.35
-41.3979,-37.8969,19,136.89,1011.35
-41.3979,-36.2953,19,125.06,1011.35
-40.7044,-42.3012,19,125.06,1011.35
-40.7044,-40.6996,19,726.7,1011.35
-40.7044,-39.8988,19,2584.64,1011.35
-40.7044,-39.0981,19,3009.14,1011.35
-40.7044,-38.2973,19,861.9,1011.35
-40.7044,-37.4965,19,410.67,1011.35
-40.0109,-41.1,19,1268.7,1011.35
-40.0109,-40.2992,19,1353.6,1011.35
-40.0109,-39.4985,19,1608.3,1011.35
-40.0109,-38.6977,19,1098.9,1011.35
-40.0109,-37.8969,19,419.12,1011.35
-40.0109,-36.2953,19,89.57,1011.35
-40.0109,-35.4945,19,258.57,1011.35
-39.3174,-47.1059,19,196.04,1011.35
-39.3174,-42.3012,19,192.66,1011.35
-39.3174,-41.5004,19,294.06,1011.35
-39.3174,-40.6996,19,359.97,1011.35
-39.3174,-39.8988,19,581.36,1011.35
-39.3174,-39.0981,19,1056.45,1011.35
-39.3174,-38.2973,19,686.14,1011.35
-39.3174,-37.4965,19,265.33,1011.35
-38.6239,-45.104,19,92.95,1011.35
-38.6239,-43.5024,19,145.34,1011.35
-38.6239,-40.2992,19,370.11,1011.35
-38.6239,-39.4985,19,403.91,1011.35
-38.6239,-38.6977,19,525.59,1011.35
-38.6239,-37.8969,19,187.59,1011.35
-38.6239,-36.2953,19,143.65,1011.35
-37.9303,-41.5004,19,319.41,1011.35
-37.9303,-39.8988,19,231.53,1011.35
-37.9303,-39.0981,19,321.1,1011.35
-37.2368,-40.2992,19,185.9,1011.35
-37.2368,-38.6977,19,174.07,1011.35
-36.5433,-38.2973,19,131.82,1011.35
-36.5433,-37.4965,19,114.92,1011.35
-35.8498,-37.8969,19,86.19,1011.35
-57.4484,-39.0981,19,278.85,1011.35
-36.4933,-34.2067,20,158.86,1011.35
-44.9154,-23.7965,20,206.18,1011.35
-42.8349,-33.0055,20,270.4,1011.35
-27.4278,-41.9008,20,128.44,1011.35
-47.6394,-43.9028,20,87.88,1011.35
-45.5589,-41.1,20,175.76,1011.35
-44.8654,-38.2973,20,202.8,1011.35
-44.8654,-37.4965,20,133.51,1011.35
-44.1719,-38.6977,20,111.54,1011.35
-43.4784,-49.5083,20,282.23,1011.35
-43.4784,-38.2973,20,121.68,1011.35
-43.4784,-37.4965,20,103.09,1011.35
-42.7849,-42.7016,20,131.82,1011.35
-42.7849,-41.9008,20,162.24,1011.35
-42.7849,-41.1,20,236.6,1011.35
-42.7849,-40.2992,20,192.66,1011.35
-42.7849,-38.6977,20,111.54,1011.35
-42.0914,-40.6996,20,329.55,1011.35
-42.0914,-39.8988,20,463.06,1011.35
-42.0914,-39.0981,20,310.96,1011.35
-42.0914,-38.2973,20,209.56,1011.35
-42.0914,-36.6957,20,344.76,1011.35
-42.0914,-35.8949,20,160.55,1011.35
-41.3979,-41.9008,20,91.26,1011.35
-41.3979,-40.2992,20,343.07,1011.35
-41.3979,-39.4985,20,1020.76,1011.35
-41.3979,-37.8969,20,238.29,1011.35
-40.7044,-42.3012,20,91.26,1011.35
-40.7044,-41.5004,20,241.67,1011.35
-40.7044,-39.8988,20,1650.75,1011.35
-40.7044,-39.0981,20,1778.1,1011.35
-40.7044,-38.2973,20,434.33,1011.35
-40.7044,-37.4965,20,566.15,1011.35
-40.7044,-35.0941,20,270.4,1011.35
-40.0109,-41.9008,20,175.76,1011.35
-40.0109,-40.2992,20,478.27,1011.35
-40.0109,-39.4985,20,437.71,1011.35
-40.0109,-38.6977,20,490.1,1011.35
-40.0109,-37.8969,20,338,1011.35
-39.3174,-40.6996,20,449.54,1011.35
-39.3174,-39.8988,20,430.95,1011.35
-39.3174,-39.0981,20,520.52,1011.35
-39.3174,-36.6957,20,118.3,1011.35
-38.6239,-44.3032,20,157.17,1011.35
-38.6239,-43.5024,20,316.03,1011.35
-38.6239,-39.4985,20,196.04,1011.35
-38.6239,-38.6977,20,708.11,1011.35
-38.6239,-37.0961,20,150.41,1011.35
-37.9303,-43.102,20,196.04,1011.35
-37.9303,-42.3012,20,253.5,1011.35
-37.9303,-40.6996,20,185.9,1011.35
-37.9303,-39.8988,20,378.56,1011.35
-37.9303,-39.0981,20,256.88,1011.35
-37.9303,-38.2973,20,684.45,1011.35
-37.9303,-37.4965,20,147.03,1011.35
-37.9303,-36.6957,20,148.72,1011.35
-37.2368,-46.7056,20,101.4,1011.35
-37.2368,-39.4985,20,408.98,1011.35
-37.2368,-38.6977,20,92.95,1011.35
-37.2368,-37.0961,20,216.32,1011.35
-36.5433,-39.0981,20,87.88,1011.35
-33.7693,-39.0981,20,138.58,1011.35
-40.6544,-34.2067,21,147.03,1011.35
-39.9609,-33.0055,21,98.02,1011.35
-36.4933,-36.6091,21,89.57,1011.35
-33.7193,-37.4099,21,126.75,1011.35
-25.3473,-46.3052,21,92.95,1011.35
-24.6538,-48.3071,21,167.31,1011.35
-49.7199,-42.7016,21,160.55,1011.35
-45.5589,-37.8969,21,92.95,1011.35
-44.8654,-39.0981,21,128.44,1011.35
-44.1719,-40.2992,21,89.57,1011.35
-44.1719,-38.6977,21,98.02,1011.35
-43.4784,-46.3052,21,98.02,1011.35
-43.4784,-40.6996,21,103.09,1011.35
-43.4784,-36.6957,21,94.64,1011.35
-42.7849,-39.4985,21,179.14,1011.35
-42.0914,-39.8988,21,182.52,1011.35
-41.3979,-41.9008,21,111.54,1011.35
-41.3979,-40.2992,21,228.15,1011.35
-41.3979,-39.4985,21,1014,1011.35
-41.3979,-38.6977,21,380.25,1011.35
-41.3979,-37.8969,21,104.78,1011.35
-41.3979,-37.0961,21,204.49,1011.35
-40.7044,-41.5004,21,211.25,1011.35
-40.7044,-40.6996,21,642.2,1011.35
-40.7044,-39.8988,21,1056.45,1011.35
-40.7044,-39.0981,21,801.06,1011.35
-40.7044,-38.2973,21,147.03,1011.35
-40.0109,-40.2992,21,589.81,1011.35
-40.0109,-39.4985,21,437.71,1011.35
-40.0109,-38.6977,21,417.43,1011.35
-40.0109,-37.8969,21,591.5,1011.35
-39.3174,-40.6996,21,294.06,1011.35
-39.3174,-39.8988,21,696.28,1011.35
-39.3174,-39.0981,21,358.28,1011.35
-39.3174,-38.2973,21,126.75,1011.35
-39.3174,-37.4965,21,197.73,1011.35
-38.6239,-41.1,21,202.8,1011.35
-38.6239,-39.4985,21,89.57,1011.35
-38.6239,-37.0961,21,125.06,1011.35
-38.6239,-36.2953,21,98.02,1011.35
-36.5433,-39.8988,21,246.74,1011.35
-35.8498,-41.9008,21,91.26,1011.35
-60.916,-44.3032,21,103.09,1011.35
-59.5289,-41.1,21,123.37,1011.35
-51.2069,-41.1,21,236.6,1011.35
-40.6544,-34.2067,22,219.7,1011.35
-37.8803,-27.8004,22,192.66,1011.35
-33.7193,-36.6091,22,116.61,1011.35
-30.9453,-36.6091,22,108.16,1011.35
-30.8953,-41.5004,22,126.75,1011.35
-30.8953,-37.4965,22,393.77,1011.35
-29.5083,-50.3091,22,113.23,1011.35
-46.2524,-44.7036,22,125.06,1011.35
-45.5589,-39.4985,22,158.86,1011.35
-44.8654,-43.102,22,258.57,1011.35
-44.8654,-39.0981,22,243.36,1011.35
-43.4784,-41.5004,22,138.58,1011.35
-43.4784,-40.6996,22,490.1,1011.35
-43.4784,-37.4965,22,108.16,1011.35
-42.7849,-42.7016,22,155.48,1011.35
-42.7849,-39.4985,22,260.26,1011.35
-42.0914,-42.3012,22,108.16,1011.35
-42.0914,-40.6996,22,223.08,1011.35
-42.0914,-38.2973,22,103.09,1011.35
-41.3979,-40.2992,22,959.92,1011.35
-41.3979,-39.4985,22,782.47,1011.35
-41.3979,-37.0961,22,138.58,1011.35
-40.7044,-40.6996,22,258.57,1011.35
-40.7044,-39.8988,22,380.25,1011.35
-40.7044,-39.0981,22,344.76,1011.35
-40.7044,-37.4965,22,180.83,1011.35
-40.7044,-36.6957,22,121.68,1011.35
-40.0109,-41.1,22,270.4,1011.35
-40.0109,-40.2992,22,517.14,1011.35
-40.0109,-39.4985,22,260.26,1011.35
-40.0109,-38.6977,22,99.71,1011.35
-39.3174,-40.6996,22,150.41,1011.35
-39.3174,-39.0981,22,197.73,1011.35
-39.3174,-35.8949,22,89.57,1011.35
-37.9303,-43.9028,22,98.02,1011.35
-36.5433,-38.2973,22,388.7,1011.35
-36.5433,-37.4965,22,96.33,1011.35
-35.1563,-43.9028,22,94.64,1011.35
-23.9103,-32.6051,23,96.33,1011.35
-34.4128,-37.0095,23,91.26,1011.35
-45.6089,-27.4,23,147.03,1011.35
-44.8654,-38.2973,23,165.62,1011.35
-43.4784,-38.2973,23,265.33,1011.35
-42.7849,-41.1,23,245.05,1011.35
-42.7849,-40.2992,23,113.23,1011.35
-42.7849,-39.4985,23,294.06,1011.35
-42.7849,-37.8969,23,108.16,1011.35
-42.0914,-39.8988,23,855.14,1011.35
-42.0914,-38.2973,23,163.93,1011.35
-41.3979,-41.1,23,267.02,1011.35
-41.3979,-40.2992,23,863.59,1011.35
-41.3979,-39.4985,23,405.6,1011.35
-40.7044,-42.3012,23,99.71,1011.35
-40.7044,-39.8988,23,547.56,1011.35
-40.7044,-37.4965,23,263.64,1011.35
-40.0109,-37.0961,23,126.75,1011.35
-39.3174,-39.0981,23,356.59,1011.35
-37.9303,-44.7036,23,239.98,1011.35
-37.9303,-39.8988,23,138.58,1011.35
-37.9303,-36.6957,23,158.86,1011.35
-47.6894,-60.0052,23,104.78,1011.35
-40.6544,-33.4059,24,148.72,1011.35
-35.7998,-33.8063,24,138.58,1011.35
-46.3024,-23.7965,24,128.44,1011.35
-46.2524,-42.3012,24,98.02,1011.35
-45.5589,-47.5063,24,96.33,1011.35
-44.8654,-43.102,24,177.45,1011.35
-44.8654,-41.5004,24,216.32,1011.35
-42.7849,-40.2992,24,111.54,1011.35
-42.7849,-37.8969,24,175.76,1011.35
-42.0914,-39.8988,24,140.27,1011.35
-42.0914,-39.0981,24,192.66,1011.35
-41.3979,-40.2992,24,366.73,1011.35
-40.7044,-39.8988,24,148.72,1011.35
-40.7044,-38.2973,24,201.11,1011.35
-38.6239,-39.4985,24,116.61,1011.35
-37.2368,-43.5024,24,121.68,1011.35
-58.8354,-45.5044,24,121.68,1011.35
-47.6894,-50.3957,24,676,1011.35
-20.4428,-33.8063,25,180.83,1011.35
-40.6544,-29.402,25,150.41,1011.35
-45.6089,-33.8063,25,103.09,1011.35
-42.7849,-43.5024,25,562.77,1011.35
-42.0914,-43.9028,25,309.27,1011.35
-41.3979,-41.1,25,89.57,1011.35
-38.6239,-40.2992,25,1056.45,1011.35
-37.9303,-41.5004,25,158.86,1011.35
-37.9303,-39.8988,25,163.93,1011.35
-36.5433,-41.5004,25,243.36,1011.35
-34.4628,-44.3032,25,272.09,1011.35
-57.4484,-50.3091,25,143.65,1011.35
-37.8803,-35.8083,26,152.1,1011.35
-48.3329,-45.9048,26,101.4,1011.35
-42.0914,-40.6996,26,241.67,1011.35
-41.3979,-38.6977,26,126.75,1011.35
-40.0109,-35.4945,26,114.92,1011.35
-35.1563,-44.7036,26,162.24,1011.35
-34.4128,-35.4079,27,103.09,1011.35
-45.5589,-38.6977,27,532.35,1011.35
-36.5433,-40.6996,27,172.38,1011.35
-24.6538,-34.6937,33,12899.9,1011.35
